"","STLD","FSLR","ACGL","TRGP","EQT","PCG","CSGP","INVH","KDP","ON","VICI","WBD","CPT","MOH","NDSN","FDS","SEDG","EPAM","BRO","MTCH","TECH","MRNA","CRL","PTC","CZR","GNRC","NXPI","MPWR","TRMB","ENPH","TSLA","POOL","ETSY","TER","BIO","TDY","TYL","WST","DPZ","DXCM","CARR","OTIS","IR","PAYC","LYV","STE","ZBRA","ODFL","WRB","NOW","LVS","NVR","CDW","IEX","LDOS","TMUS","MKTX","AMCR","CTVA","DD","DOW","WAB","ATO","TFX","CE","FANG","LW","JKHY","KEYS","FTNT","ROL","ANET","CPRT","BR","EVRG","MSCI","TTWO","HII","NCLH","CDNS","SBAC","IQV","AOS","MGM","PKG","RMD","BKR","ALGN","HLT","EG"
"STLD",1,0.292735078226234,0.44964454502815,0.469926030415999,0.306516791016008,0.232956576520457,0.309323139445734,0.342561719579048,0.188627149023607,0.415110266654643,0.386259023165528,0.292030933474283,0.331495759897222,0.265300691735219,0.457964527521478,0.338068038017283,0.278242729569925,0.17558066069085,0.415442333997906,0.22993779606792,0.253370263889243,0.0650265587933507,0.297449610466675,0.323351461919691,0.414181082917426,0.341234311126454,0.448963678683762,0.351432280163186,0.42993992045474,0.233881689242803,0.215155193509026,0.287486180680348,0.21796171843191,0.366004142713386,0.204511065121586,0.443551825062618,0.231206411800659,0.222987005214512,0.147198370222723,0.181273004363166,0.388859411412886,0.423912168217104,0.556955787942591,0.255910871097126,0.357785654416464,0.364194868071231,0.370023219219183,0.400061634985885,0.46060305823033,0.224211359653454,0.372301176070303,0.390856173718244,0.460415290842097,0.469272126863972,0.325430761313548,0.258541115215726,0.123581172575086,0.485633770488361,0.47981917482562,0.572368446048735,0.618404969618329,0.573856202950965,0.279050047223723,0.294568982227193,0.608620685860566,0.45014118494708,0.393560703434605,0.279608251539942,0.351558840483044,0.240612047613227,0.243457532007015,0.277829536107266,0.365200739259943,0.412918273465689,0.238802213587748,0.321560484975537,0.11957946052939,0.448532384468779,0.367849223315841,0.280836542494674,0.20132238370395,0.389603313370351,0.451858804910203,0.461468612100208,0.564518737000871,0.236789812439613,0.475478570702639,0.302054352761985,0.442149563726769,0.422901893788718
"FSLR",0.292735078226234,1,0.241925656553143,0.255907151628278,0.176440977729691,0.182978024040756,0.304485728308535,0.2785747774706,0.136223008806224,0.394355350060411,0.277787374312247,0.170036405120122,0.240953919921967,0.187399987687884,0.335746628408735,0.284261871005855,0.591410562308748,0.203849496009251,0.23365351941441,0.266393146920759,0.306402550106911,0.169331765948377,0.301792185300057,0.383252873397999,0.291147737141442,0.403154365329104,0.420657591140908,0.395466207186027,0.371907270776738,0.594532266172953,0.358049889106941,0.247396313575714,0.315551965558647,0.401487883011315,0.2215474925654,0.266799246778263,0.308278367171489,0.219622949440403,0.166208902297742,0.284082791812101,0.257824982982599,0.229299538542056,0.327489568696793,0.334535684617704,0.254127854826992,0.246437947818666,0.358684213916704,0.304807484870591,0.203118240872965,0.312214081509653,0.227206714944044,0.268968838522408,0.326260647967119,0.28347849174436,0.163468278389546,0.227253810506905,0.189701176462823,0.248085874642772,0.238036829699484,0.286856201073496,0.263354402283951,0.323614371385029,0.121638286997244,0.214821906874003,0.309426586361214,0.235887330091627,0.198040220885245,0.141053655968721,0.327065610693702,0.234198013752311,0.230444266643479,0.262846225870391,0.291458837695317,0.288836080288895,0.154131151447881,0.30411138271232,0.201108641425673,0.192183711338896,0.280721135225462,0.348804444607143,0.219341669695852,0.302630496979781,0.249323208338391,0.279713868229359,0.209254209557762,0.235975486880789,0.219013486272287,0.299194565035912,0.279348800096153,0.19649559681727
"ACGL",0.44964454502815,0.241925656553143,1,0.420177440905674,0.242029991875451,0.318320774798398,0.344898119091573,0.429553020852168,0.256759517659747,0.32899906086546,0.484054409224158,0.269540658149104,0.443179373903326,0.29688437874752,0.474274743953911,0.402846428677177,0.190869858590501,0.165279603387753,0.577776272443103,0.148696753446547,0.181576720293598,0.014342780316872,0.29267931786474,0.330509767689333,0.35139952438784,0.255688448609644,0.377213023473274,0.25363270372905,0.390011649073054,0.159760465783559,0.138559888476205,0.198575325257747,0.0771535861548241,0.294302362039419,0.116711943974448,0.489918584860794,0.186069952309378,0.154791860817602,0.10441662563409,0.230164007813868,0.363008532295848,0.434437439584514,0.527593956239865,0.278923174660234,0.421030173381798,0.407164162965048,0.335801301490031,0.298024007447009,0.758909682586057,0.226139243342108,0.368116675834623,0.413240034549133,0.497740880150043,0.436688349545992,0.413139320741836,0.316377071588355,0.146473446001821,0.498424740570662,0.412126520125767,0.531125880014063,0.474910144436169,0.562895468194201,0.428849690968702,0.381612242890964,0.507030858978055,0.385653017305841,0.460027831966099,0.310788349496315,0.288634808942364,0.195497543871111,0.276376453341908,0.285270339306482,0.43000561372957,0.415957394734075,0.460957162242213,0.326221053964795,0.052439261658049,0.481887766651722,0.376964051953637,0.278555778132922,0.226071133000804,0.416593107102933,0.422903147491748,0.479675494551943,0.519331856930039,0.245746664606515,0.45746954152191,0.290169171921394,0.488047992834257,0.812200033877868
"TRGP",0.469926030415999,0.255907151628278,0.420177440905674,1,0.44053198353706,0.269309545608625,0.220697628905646,0.338849003857763,0.167550726639407,0.404121079569742,0.438504918564266,0.263700198562056,0.325648741294346,0.17734443431946,0.335578474768332,0.227684062908536,0.250098669181015,0.128767808524115,0.33937621136649,0.224032498897942,0.221910108139407,0.0645411827577314,0.257159051358117,0.328555553553952,0.509733186392434,0.25705343133596,0.36999509058111,0.24534977248122,0.418718005626802,0.274023402846155,0.220382672386568,0.104947332528712,0.139421819481447,0.286274215137342,0.133037371730752,0.467334403058871,0.161259933268133,0.146320024027069,0.0111122677370636,0.16825321181931,0.311363001994513,0.312965414322797,0.504739151714177,0.286133437057121,0.448631721828185,0.256621226878929,0.33579946793855,0.295547633717865,0.435537012052797,0.195388508683201,0.37882258360791,0.287170562724421,0.389397550481625,0.32981381306799,0.307675023857263,0.228377792757082,0.0916551911364115,0.409367142071613,0.448677842085254,0.524827400979072,0.600639465268562,0.535221543105877,0.249031845582032,0.330139246799907,0.555417657535288,0.697301464528805,0.380565703315523,0.196998009115561,0.248910607294777,0.223288880740602,0.131904726252541,0.228489755079094,0.286571083784649,0.300752987030583,0.224231240040978,0.259834797101443,0.0956239034661888,0.401835930735772,0.488415211885502,0.205253170847258,0.135821468892768,0.369747856655987,0.314783388178268,0.504885935367836,0.363747519619545,0.148636247356035,0.654128753221703,0.31115311656016,0.488339057144213,0.402218027117784
"EQT",0.306516791016008,0.176440977729691,0.242029991875451,0.44053198353706,1,0.136263683958533,0.118496016037659,0.194168023888449,0.116902811561793,0.234954793187374,0.261682356621496,0.21338102239107,0.178225487740089,0.175447150652511,0.245166872418759,0.143081482875147,0.169337734014647,0.0548523158322912,0.186836111127486,0.171806313317972,0.0954434654362954,0.0965247037124725,0.177257698910057,0.207480814930248,0.236212584568134,0.194456851432337,0.213831283969782,0.195709019116719,0.201164659750359,0.136163971240686,0.192387315382809,0.102552589952537,0.16141705823519,0.183220263429376,0.12174383021059,0.239785914899989,0.103246066582713,0.10800993228054,0.032035389675787,0.0921353639721039,0.187235790637378,0.173226226422127,0.284130166220968,0.123927579816358,0.154637053938969,0.210175546598471,0.242115631572351,0.128480517295806,0.252706606389848,0.115285362900515,0.154620463755112,0.226473236014926,0.196096795229175,0.185950949003532,0.193318804811885,0.0963973050458146,0.112737224758032,0.262673636955003,0.315037242324782,0.32414941687644,0.330049910544821,0.265770139912084,0.21487288399786,0.242652188804244,0.3411709031812,0.411186473128551,0.151037752717636,0.156278377732604,0.149417834012009,0.14212456144864,0.138253670309228,0.142343368738768,0.167200294810946,0.235464110823245,0.182111449203562,0.136264964306397,0.141120974443516,0.277028070137903,0.217517884262153,0.123920846097011,0.133230508753849,0.205307696747059,0.200251864611594,0.263622543885732,0.250553053814182,0.121673808593885,0.423132193676202,0.168575261352614,0.207508309415214,0.195047456244852
"PCG",0.232956576520457,0.182978024040756,0.318320774798398,0.269309545608625,0.136263683958533,1,0.279573682647372,0.360842879053552,0.265757565402832,0.266315878726655,0.373209630803365,0.197464097176041,0.360952834862908,0.260497408622867,0.328234098467967,0.256343047490548,0.223831154920393,0.184400993603999,0.326433515997365,0.228338229964845,0.230334342038794,0.0747107310616861,0.239693167772146,0.34742799920858,0.339404653027818,0.238443944537641,0.310493347672929,0.265189881891216,0.294706318579691,0.221883042341805,0.18351726135014,0.239162662102754,0.208657882817548,0.252554801417058,0.211672709463811,0.363197778648998,0.272903739920675,0.222826874516181,0.176209376673405,0.192378465818347,0.131359713515427,0.250680761330613,0.348257901628559,0.261738136367158,0.271641649232454,0.28020417249401,0.2425042874729,0.239929323493637,0.330712236716421,0.280821295206296,0.273712061275556,0.374653440892755,0.402169480942399,0.317536910380751,0.310502320108624,0.286633833571306,0.14608599406471,0.3556928359128,0.343471515529232,0.34279989731921,0.327096955978456,0.384981681263356,0.395921327642887,0.292573372403729,0.363925460091202,0.268312656752659,0.32449745583499,0.278056244592522,0.246294778778605,0.187733283303583,0.180579818816195,0.257161566334292,0.357334498648173,0.304388571138475,0.465320947563382,0.313279280950424,0.182322717019307,0.291451172759101,0.291656394804613,0.257685160624686,0.294798863134677,0.341030845688669,0.276343252856212,0.299161842817468,0.259877791055843,0.248040692197235,0.24740459417421,0.241008442614583,0.354657797876421,0.272479427725794
"CSGP",0.309323139445734,0.304485728308535,0.344898119091573,0.220697628905646,0.118496016037659,0.279573682647372,1,0.473190875468209,0.229431723939747,0.421920536128256,0.420815742766304,0.239698994432478,0.396938312177242,0.329649524046216,0.461065375412017,0.451300839208015,0.360526893485769,0.373461059206149,0.450250834190061,0.417367813828848,0.451148457637023,0.239235671877124,0.46573123328321,0.492208838550869,0.399625017181117,0.430749482339308,0.480109592658061,0.495528606082862,0.492472895524171,0.37781186624741,0.346511927453444,0.441866011410957,0.416273202935596,0.434960117489492,0.403954874560657,0.390962616918947,0.532342551652268,0.434140467743246,0.284724070361146,0.429065039463544,0.348091289980332,0.425489363400826,0.403166972034975,0.48675047181104,0.376571295047266,0.438960709587241,0.472850377326602,0.388902157246129,0.308169719007472,0.554068813732385,0.279581719866482,0.421679823793182,0.487883142955577,0.42270648501188,0.31322817935385,0.368010415984317,0.349043590018302,0.367800649111776,0.243954516189169,0.394446570114536,0.288831714856868,0.381252682049644,0.299190467003004,0.37686949443309,0.396040607755791,0.170110396256601,0.306331413928449,0.375739247815934,0.508727168196875,0.407456051036474,0.43959070145933,0.415715447782233,0.551126857271864,0.502953563712727,0.303905956109574,0.531695157377377,0.330524669012283,0.217766708148183,0.294482407839952,0.505680086660078,0.412345771169836,0.519987248860647,0.37331958645849,0.382267213206184,0.337007916480002,0.335273159049709,0.187233798330566,0.374995895727107,0.415302503449975,0.299720973106346
"INVH",0.342561719579048,0.2785747774706,0.429553020852168,0.338849003857763,0.194168023888449,0.360842879053552,0.473190875468209,1,0.368400848699256,0.379752517823452,0.60699627317269,0.268753220557404,0.748967589668398,0.364824958791479,0.5344819840914,0.523281461792153,0.305864155154263,0.349608642645713,0.52132794947313,0.314637174554682,0.376989710827383,0.138526082080538,0.504585884374839,0.450277723821476,0.409843644386923,0.390308369553884,0.427815010985294,0.39967514828652,0.475423229751744,0.311726199897603,0.287016197921167,0.442529706583155,0.293723000850416,0.40329198611423,0.368764675771287,0.449177936519009,0.392476308702433,0.4315733385428,0.223064139091233,0.351841134701538,0.326912189337127,0.417143811126913,0.465866825287128,0.42961230479015,0.358649895010541,0.477579937802234,0.42808241898545,0.408439501534387,0.436326642214509,0.393758327378364,0.268355100204783,0.53313390600049,0.489593471201905,0.473338818019223,0.352807909016376,0.36568847564706,0.354895040504279,0.500245304129591,0.347995748449529,0.428502554055514,0.400583241822656,0.427363969372068,0.564449006708341,0.466917270332228,0.4690977941616,0.231921826401466,0.315996637498411,0.389599866507165,0.382132736835327,0.344208900095048,0.380655352072971,0.360162555682166,0.524700808084712,0.507308564023468,0.538421350271031,0.52226399845421,0.227956229474622,0.368988650661962,0.326513356230582,0.421436570038022,0.573085894038979,0.572814700286938,0.412754286064044,0.394852544399625,0.399984055055127,0.354667520989654,0.298312624484623,0.466685834954749,0.390619031612048,0.343087396209632
"KDP",0.188627149023607,0.136223008806224,0.256759517659747,0.167550726639407,0.116902811561793,0.265757565402832,0.229431723939747,0.368400848699256,1,0.245700529172464,0.30621302449665,0.180300473624694,0.29253425286023,0.271491249399526,0.334372731082463,0.341416002836359,0.149689055757144,0.152085537309129,0.347483770227696,0.186015493354701,0.195220002016757,0.0838323688446788,0.257298343318204,0.280594702219042,0.195004952129402,0.191852979843935,0.284092771127422,0.219424232109994,0.271693398267368,0.162856118831558,0.180137011133187,0.272970354429559,0.209818316126,0.253591912470816,0.179103340084485,0.320349284437845,0.23486313851001,0.239616550612796,0.23418206065665,0.25312627226883,0.211103600567582,0.267561712665224,0.248237073802435,0.196258132245825,0.171610891910033,0.289007870848339,0.286866808263729,0.315326374918539,0.273494765203405,0.19000343800519,0.15002109921932,0.366846137792188,0.308712165038673,0.349054801526592,0.275122447311116,0.304481659197054,0.258902505002353,0.372848946288145,0.260247826103511,0.290363819572363,0.281578650652985,0.291472352303093,0.359211399221001,0.286255948073849,0.2664408312736,0.0787580265944183,0.307539486827874,0.285921148652774,0.283007223927407,0.2231646055257,0.299475637502798,0.216273960937265,0.363409743829929,0.347626180410743,0.364973224542449,0.289936560550297,0.150105616245375,0.284939149117823,0.162012233763364,0.277263865197757,0.319586285825256,0.345763953943755,0.341313711958332,0.202982597585052,0.29423035032659,0.273179680839466,0.144901572627613,0.277476121964864,0.211990069209128,0.201994211761749
"ON",0.415110266654643,0.394355350060411,0.32899906086546,0.404121079569742,0.234954793187374,0.266315878726655,0.421920536128256,0.379752517823452,0.245700529172464,1,0.45188597923483,0.307406711614746,0.305674950861261,0.202665024866425,0.502875144775488,0.337710482953912,0.454970831729629,0.373291507743907,0.367184495494678,0.443759872514689,0.412786461400828,0.212822906718156,0.452903850641668,0.524377255862349,0.55178863432309,0.458220665826743,0.821297141016524,0.693253202127375,0.56845688786477,0.457723357421556,0.470440306801483,0.401216103748176,0.427082501427529,0.724895923044733,0.332783821370473,0.484807080085451,0.430514407758663,0.340333521852197,0.228964681963511,0.362780386448612,0.360269273618546,0.363385011949048,0.55369846808578,0.444695114301737,0.475247856491157,0.339642127202719,0.559290784146468,0.478077893358656,0.286884300921127,0.448451361138081,0.433416265926869,0.486500065643004,0.579201057912273,0.427144691051506,0.223020660337075,0.280064307853118,0.271375148958495,0.40136636310689,0.349415087417135,0.507175061016199,0.472597091679705,0.519627225501797,0.188009741377259,0.362355930892342,0.520062931371822,0.349862890352392,0.37989856375602,0.252736432786087,0.56588939129173,0.432513425833646,0.207836633092602,0.479439324506334,0.547706144803209,0.426956200860146,0.209124191506133,0.500119988649645,0.287166933550249,0.25320572540314,0.483253534030973,0.556907785249554,0.253419449285183,0.520571291165588,0.467956895746891,0.556703856287977,0.346981237113222,0.310859036450506,0.379728434916111,0.503696545488271,0.527843193488391,0.267665496553623
"VICI",0.386259023165528,0.277787374312247,0.484054409224158,0.438504918564266,0.261682356621496,0.373209630803365,0.420815742766304,0.60699627317269,0.30621302449665,0.45188597923483,1,0.302341474374789,0.547087356047018,0.311611291141923,0.454556257002628,0.3837141124627,0.333367960241749,0.281758836134521,0.437303411985067,0.328922968946516,0.304486770863569,0.107254134469035,0.413766410576586,0.512068860236492,0.59275359083957,0.367401998838351,0.439727874398868,0.372623476248821,0.501924330149181,0.318242707079699,0.273379048701861,0.314744786921635,0.2612434905056,0.37115567008604,0.22730671854531,0.519227728059605,0.294877918030423,0.22988801751498,0.107025225477305,0.305761887807493,0.41683540290202,0.432779383878744,0.520214785296555,0.430712618007767,0.517370126785139,0.372163437689518,0.423839303455182,0.392140676359021,0.470602344740551,0.340915803495277,0.445620053859653,0.480580491538868,0.455105446066557,0.417309399069078,0.409813840866948,0.301403391387502,0.23037723945555,0.512356951412459,0.412455794509234,0.494208299289902,0.500836748686389,0.489096786874743,0.354321830903922,0.425850778709439,0.551901524677129,0.350734423343511,0.44984988721743,0.283404885572651,0.317666874361394,0.254637903041252,0.297549784609884,0.316580494292405,0.465305429963241,0.448119041371218,0.351699994028968,0.419117967696872,0.152659641242909,0.384478158026415,0.492582653588156,0.324891720721565,0.399839318613053,0.520141715549788,0.398234393152927,0.580897476122234,0.415489776686219,0.203515708758734,0.376413926634869,0.412616131418964,0.524829516894261,0.403469299958709
"WBD",0.292030933474283,0.170036405120122,0.269540658149104,0.263700198562056,0.21338102239107,0.197464097176041,0.239698994432478,0.268753220557404,0.180300473624694,0.307406711614746,0.302341474374789,1,0.274516778238028,0.153664072841529,0.285999311617184,0.192446807576968,0.218467964724163,0.176212898585754,0.235902667561161,0.258941722739192,0.169975725287423,0.0959548755029142,0.213252697934038,0.213777865968272,0.381610936087234,0.270138035716408,0.319777694544937,0.255504380139284,0.335579996535752,0.18760401330105,0.255642494010992,0.239872459561093,0.207627532419831,0.265917130053996,0.12331272700676,0.333496130225076,0.224793782845128,0.16147620330923,0.114773431468093,0.138211219714212,0.242781367657006,0.229995854017728,0.346961323024267,0.243780041583217,0.383566444656085,0.256133125086276,0.346689144579671,0.238914763443107,0.251277589083484,0.174163822051325,0.378432801707305,0.320404368766279,0.308023723450083,0.271778582541748,0.229633380255784,0.199535962269888,0.149363459258476,0.329091624975761,0.26369438275753,0.341314654219003,0.367101781158665,0.363585539201311,0.249021292846713,0.263952713926349,0.415197536354368,0.262305961971599,0.29311288127886,0.173117832729806,0.262304220850371,0.110910516184759,0.09226284199136,0.171021120127325,0.316191735051792,0.256726363478486,0.235724593156538,0.204296268232046,0.172906496428412,0.279321332682386,0.399390150030653,0.140365450342691,0.136728163387164,0.258570636948276,0.303288527434216,0.402480421714859,0.348620443747976,0.137930502548265,0.254478752371605,0.304384077660146,0.380814512284916,0.213629613223315
"CPT",0.331495759897222,0.240953919921967,0.443179373903326,0.325648741294346,0.178225487740089,0.360952834862908,0.396938312177242,0.748967589668398,0.29253425286023,0.305674950861261,0.547087356047018,0.274516778238028,1,0.33027781572913,0.478145705794872,0.4401394198903,0.245570167758122,0.238202997563879,0.464932792366939,0.246002121504123,0.34037901252027,0.13755916082145,0.402103715472024,0.35866975167484,0.382369784625939,0.349321807588486,0.362526266670282,0.30920492076832,0.428040454383579,0.24521327073495,0.196320979426839,0.372165207784304,0.183385696202977,0.340547039072492,0.281215512274176,0.419695805512799,0.359533354315483,0.322568785707881,0.175928650889357,0.213804192158894,0.325622393188057,0.421712715636649,0.449589327877761,0.357160342952211,0.366949190024071,0.433198042390779,0.414663300529348,0.334589651553329,0.456825594380141,0.289207976287621,0.255837107655642,0.499129943407793,0.478209864748078,0.478128534175793,0.400766231260581,0.302269038275385,0.295543072734071,0.457704188966214,0.380775477211678,0.412210402556647,0.394658153208505,0.47113206884961,0.588171892556887,0.425150457628686,0.449686263351573,0.245913244548727,0.342657012543598,0.377312350950468,0.311599445182355,0.216408894383992,0.287894938971744,0.289642604843165,0.434839354104431,0.459701998652667,0.596664091267445,0.387134026120309,0.126157140359771,0.420104337751794,0.33158614431628,0.296576174171066,0.513635581757584,0.511270213278668,0.398428942527233,0.366253210765959,0.433446620414148,0.318861986855209,0.32993710907796,0.356193396588766,0.39397142552208,0.346356072673784
"MOH",0.265300691735219,0.187399987687884,0.29688437874752,0.17734443431946,0.175447150652511,0.260497408622867,0.329649524046216,0.364824958791479,0.271491249399526,0.202665024866425,0.311611291141923,0.153664072841529,0.33027781572913,1,0.380518792359379,0.37214542612423,0.209065035779312,0.1734670089875,0.380750463553072,0.182045599938361,0.302419663627668,0.0537785250490729,0.342569055938184,0.301326080540766,0.216241716588275,0.27000818156492,0.249909850756532,0.242618092241484,0.245460945792344,0.22272793135944,0.199284396252372,0.283577059476173,0.220099752269087,0.209142760296858,0.29398689514632,0.32912548875404,0.280497049607398,0.343515057202567,0.160804856174705,0.295689571176805,0.201918885649745,0.202595358949978,0.270818499335378,0.218952819048689,0.182867291732304,0.34474411972587,0.259291224380072,0.288196438175259,0.311228068672351,0.230292949430776,0.128300222287815,0.30983684356562,0.342461147540035,0.343483580677262,0.306713975776885,0.265934914812019,0.224020297255315,0.29788752434434,0.255712913853623,0.291609516470866,0.224246335095411,0.258642203402588,0.33623654414419,0.326932632005579,0.266959276358857,0.168747608703634,0.248972236939374,0.322044404285743,0.295578674501854,0.23838208554372,0.334510367777376,0.243805863321486,0.314891505337704,0.359264837519807,0.325034717730122,0.333141878629786,0.146490087471442,0.327370332868677,0.12743457924835,0.288890852597441,0.349938016449205,0.393455640548446,0.249993287019987,0.149497615035587,0.28995664395788,0.294600931107571,0.185664332939705,0.251367684143882,0.236979138388391,0.264904046451264
"NDSN",0.457964527521478,0.335746628408735,0.474274743953911,0.335578474768332,0.245166872418759,0.328234098467967,0.461065375412017,0.5344819840914,0.334372731082463,0.502875144775488,0.454556257002628,0.285999311617184,0.478145705794872,0.380518792359379,1,0.565484109901873,0.401713775059581,0.341680998551023,0.539336715010016,0.396958950131579,0.405531032190178,0.165708325547798,0.481229320362468,0.475042616462092,0.447811696843021,0.457075566420884,0.575291276638236,0.498842163205971,0.567864109485204,0.369020167740991,0.319913473516988,0.532761464639703,0.368047464916193,0.524682723567358,0.403932083068942,0.55920433278043,0.437186088909768,0.446462103427021,0.254529431693269,0.364104275221128,0.470562507809973,0.53560078497936,0.618968209637491,0.44770536874737,0.365287368372896,0.50999997446699,0.548008190986309,0.522222506524485,0.468456554227255,0.421235488572151,0.332116374734228,0.569456975964414,0.603616664870859,0.638948760487592,0.37731382409126,0.326322542552258,0.360691302227973,0.588047013463965,0.397748173495236,0.609906310719963,0.477469096039257,0.571412805245104,0.423382842680411,0.475252700997523,0.560905436828439,0.277007119309977,0.401740611771531,0.43413233075264,0.515430816736883,0.376230588468131,0.422760351454926,0.429662375373395,0.593510709044326,0.588014864291622,0.448687137654984,0.567903127990635,0.239055721127822,0.409812685635941,0.358589667683432,0.497273677100591,0.444503085845403,0.614646437629772,0.549232254136315,0.439282417762151,0.495063441686784,0.393433162667353,0.355001787216082,0.468317947290042,0.442408179134807,0.407639404982493
"FDS",0.338068038017283,0.284261871005855,0.402846428677177,0.227684062908536,0.143081482875147,0.256343047490548,0.451300839208015,0.523281461792153,0.341416002836359,0.337710482953912,0.3837141124627,0.192446807576968,0.4401394198903,0.37214542612423,0.565484109901873,1,0.290917046067761,0.319487434506512,0.565129139988017,0.323608707334159,0.393283090756911,0.164522874837914,0.451221412791004,0.419794643287819,0.291798970414005,0.400087066367203,0.421315177086884,0.440714111563665,0.456837961253232,0.296093453529151,0.308072852817777,0.495430008171185,0.364355776458062,0.423341690288857,0.412021893608048,0.443857453753716,0.451086903288116,0.435454370855586,0.309742344615004,0.414559358729971,0.312261833688156,0.396135687411974,0.408590990012209,0.407824637632419,0.260887314832978,0.489027428744408,0.435149314421138,0.449814820976961,0.401374766222424,0.462734890998974,0.184975332450847,0.463561258275953,0.484275345331659,0.497391751179972,0.37320588413225,0.386759124490347,0.426498751041588,0.470618905659131,0.283126378314153,0.402058065145417,0.282580776618151,0.367324380511625,0.399412297880544,0.408680298534181,0.37410700801286,0.158294784235804,0.279379401891441,0.430400639343557,0.440953368555216,0.397699521658905,0.441136480846649,0.412689777237066,0.520864775777411,0.576781906661032,0.408350045329344,0.644544700537366,0.284405303764128,0.36020404802539,0.185379679010637,0.499145517739987,0.485539996003186,0.525139568515349,0.389397300338415,0.306998964592052,0.356686117352401,0.425732577959684,0.249319548588687,0.340895997675181,0.278470243721493,0.348220190651256
"SEDG",0.278242729569925,0.591410562308748,0.190869858590501,0.250098669181015,0.169337734014647,0.223831154920393,0.360526893485769,0.305864155154263,0.149689055757144,0.454970831729629,0.333367960241749,0.218467964724163,0.245570167758122,0.209065035779312,0.401713775059581,0.290917046067761,1,0.236923938422299,0.241795922189884,0.423042341829166,0.354388785739791,0.213566388274579,0.380520687781708,0.41725242957085,0.390944897980958,0.525344439806699,0.462451880477893,0.499540964669206,0.377123548464858,0.782382230026625,0.41003632775032,0.378049174121261,0.412465144644966,0.459263279539675,0.297912103836814,0.339898877991848,0.364062486533547,0.277858129742213,0.231628889211684,0.286092424915247,0.279865888787783,0.244361539890241,0.334398549389004,0.423520404716024,0.312557643032597,0.329719320183328,0.421992489540312,0.346980460937503,0.149192592211555,0.40944540665584,0.254381047127193,0.361228392279471,0.3584943411159,0.300709107146199,0.161162519746328,0.224829520138018,0.275044023870582,0.287780555456566,0.244201512210939,0.343115401782829,0.266652602173897,0.337946674833639,0.149479514916366,0.250858651409144,0.34451262708984,0.244661396545197,0.238854025899219,0.180869107656548,0.411713519340297,0.341041140339871,0.234223302770579,0.295816634878976,0.4182468344752,0.325105320724026,0.165585239408435,0.369636227654961,0.214991033823493,0.181027116588272,0.35425121432431,0.446123125797494,0.267562480221182,0.395385266453957,0.313584014440433,0.317530526324574,0.213664597639347,0.305551827639056,0.228618930738685,0.363052679798653,0.353136734205183,0.12020440927061
"EPAM",0.17558066069085,0.203849496009251,0.165279603387753,0.128767808524115,0.0548523158322912,0.184400993603999,0.373461059206149,0.349608642645713,0.152085537309129,0.373291507743907,0.281758836134521,0.176212898585754,0.238202997563879,0.1734670089875,0.341680998551023,0.319487434506512,0.236923938422299,1,0.270570225450438,0.332827374915966,0.366814997441437,0.191937860201516,0.403955653315571,0.357856592975049,0.308648667527814,0.338744376428045,0.409854564865236,0.461870846880176,0.405899372259342,0.27182033085032,0.272151386099432,0.347726633566906,0.316138832888773,0.395672277109802,0.385476488736942,0.270142601871385,0.407953563567181,0.354141189002845,0.265736062543779,0.293382991289168,0.239475776467051,0.268914455704863,0.323455259817285,0.373195253129155,0.2522765343425,0.28775935052855,0.395676000402789,0.320350886837022,0.155596579063878,0.454085296658331,0.269048602953087,0.282317380174365,0.37362698702179,0.289827090326284,0.0522035580144583,0.240759253224315,0.265543101585154,0.285574606825835,0.138694021941855,0.270795293007754,0.173465595340691,0.266303380775636,0.106893526589383,0.256682884556928,0.301129033053269,0.0478923907533358,0.182838851722865,0.206229194736728,0.413796805803211,0.300454039021204,0.226008103483754,0.348675387381795,0.415343517660685,0.375111769325597,0.12160024221146,0.476448469679824,0.25618254118075,0.0401917152807106,0.23243945170043,0.4500631185631,0.306599659524232,0.413221710908623,0.262218356270787,0.281214624404158,0.201134357712749,0.256128070325569,0.0987967478722662,0.335138215127641,0.304743610471753,0.16385716851657
"BRO",0.415442333997906,0.23365351941441,0.577776272443103,0.33937621136649,0.186836111127486,0.326433515997365,0.450250834190061,0.52132794947313,0.347483770227696,0.367184495494678,0.437303411985067,0.235902667561161,0.464932792366939,0.380750463553072,0.539336715010016,0.565129139988017,0.241795922189884,0.270570225450438,1,0.291022365926264,0.356418451108671,0.111542082529971,0.390487050569263,0.424936007740551,0.386955588048881,0.355375571297501,0.420893518494514,0.402657577981417,0.485881520711581,0.256522363452523,0.256280449668107,0.424938239577699,0.300347537442586,0.416308181046806,0.345113512149542,0.514474206518214,0.447952788396956,0.388160823539175,0.287772154178353,0.405210388039307,0.309310552016492,0.439083962298856,0.491619153116518,0.436230964578947,0.341617979279137,0.515799199717858,0.426827930329875,0.431626477239363,0.620957812926289,0.423114243493439,0.272735428412716,0.468956959686767,0.532210582910086,0.545808908285548,0.413425228413673,0.393846876177031,0.327094022538024,0.502571343637962,0.363898810154845,0.482712290906385,0.36866469939557,0.465962151798787,0.457057049434059,0.429434858053753,0.442434135762681,0.24854061785694,0.392664405037587,0.44802925628398,0.408656186926741,0.404308884084973,0.479942234825369,0.383662688359848,0.557923867179438,0.576348393442594,0.443504083163955,0.509389110003793,0.236920835618773,0.42103676960839,0.2765251298848,0.487755642787021,0.426314530566006,0.531391570739046,0.444412882262606,0.405825904732332,0.437402313865416,0.386014242234289,0.308025051819337,0.346766998117748,0.419311135912739,0.540887424686111
"MTCH",0.22993779606792,0.266393146920759,0.148696753446547,0.224032498897942,0.171806313317972,0.228338229964845,0.417367813828848,0.314637174554682,0.186015493354701,0.443759872514689,0.328922968946516,0.258941722739192,0.246002121504123,0.182045599938361,0.396958950131579,0.323608707334159,0.423042341829166,0.332827374915966,0.291022365926264,1,0.421804973470231,0.199788663822235,0.449633809469644,0.471197164999887,0.450698837899817,0.416540318767616,0.448720078059566,0.493032590051681,0.47482775813142,0.381244656885234,0.39221165187653,0.392301288294075,0.477797685931946,0.474887053635944,0.371154775378624,0.347605319551529,0.445299250786466,0.36922300482067,0.224579455126554,0.35239014184422,0.287238739742634,0.283067043135024,0.369059626314405,0.501333927950046,0.355999265847169,0.369758524707059,0.469820352637253,0.368934391591143,0.156652436141714,0.481966793350824,0.310635708177031,0.362321285515106,0.392718840985547,0.314003303800958,0.234293889722682,0.242316705550454,0.337898290205999,0.282348152295635,0.225435926585962,0.378812810315629,0.269738517747727,0.296323404308589,0.136347765296779,0.353251554261485,0.370394676360462,0.202451628529433,0.245409630880293,0.265002151562052,0.398607564626292,0.394353125604813,0.237031255977363,0.325206332864182,0.449715336365874,0.398404420570687,0.163938614736229,0.440566942593717,0.344992505089511,0.171953111518496,0.337991361406616,0.471712399316595,0.306663727740022,0.464521321125035,0.30671405228215,0.382157809928449,0.200566518562812,0.357556314021542,0.193206304168804,0.444802634761945,0.368819450369404,0.123877539204951
"TECH",0.253370263889243,0.306402550106911,0.181576720293598,0.221910108139407,0.0954434654362954,0.230334342038794,0.451148457637023,0.376989710827383,0.195220002016757,0.412786461400828,0.304486770863569,0.169975725287423,0.34037901252027,0.302419663627668,0.405531032190178,0.393283090756911,0.354388785739791,0.366814997441437,0.356418451108671,0.421804973470231,1,0.314882432415947,0.578433918501801,0.506164603907081,0.371080781110304,0.456661781933783,0.470542556494893,0.496266008170148,0.522550583022547,0.381985068517298,0.350548057269753,0.423972375392073,0.432174214856079,0.480498049203722,0.601421840306402,0.385879108154862,0.549545009099536,0.562128534324018,0.333905116817129,0.458291624746135,0.291352500205415,0.317803882365772,0.356158459626921,0.453176640451953,0.288244859696599,0.450549741475148,0.442375886784262,0.442959733213092,0.184204477353223,0.525184038507206,0.288002862397338,0.329627536344604,0.43036485349899,0.411644737154867,0.199907784769988,0.282576014244183,0.343717109267298,0.303082740492726,0.230310891842609,0.315465767648376,0.235600222189466,0.292619820939398,0.166361224631525,0.424088300813698,0.340820542073139,0.138586197637387,0.234731897453685,0.315666682606369,0.484485520759892,0.419108287794311,0.347954861994126,0.341197822602053,0.429259833927404,0.428765615623505,0.196989017378216,0.559490330213998,0.335469405108402,0.172934204694611,0.239300746160869,0.519264340421044,0.416443204833256,0.592789435049861,0.330789186931237,0.307591511957914,0.251987719841213,0.40120320567006,0.129066343974137,0.453482456481766,0.322276405318391,0.152778414313098
"MRNA",0.0650265587933507,0.169331765948377,0.014342780316872,0.0645411827577314,0.0965247037124725,0.0747107310616861,0.239235671877124,0.138526082080538,0.0838323688446788,0.212822906718156,0.107254134469035,0.0959548755029142,0.13755916082145,0.0537785250490729,0.165708325547798,0.164522874837914,0.213566388274579,0.191937860201516,0.111542082529971,0.199788663822235,0.314882432415947,1,0.268548049584733,0.219363131068499,0.153037963560046,0.248058879194821,0.248597761300708,0.271755250533152,0.228147017168589,0.24270483414603,0.226282803709101,0.185541070239365,0.261173677524646,0.26303947580195,0.28691189352776,0.159949353895882,0.253078447977217,0.30749037311479,0.168715097598905,0.290984865595462,0.166199119537905,0.151956515440028,0.124272687042935,0.200562354842815,0.0599475702581533,0.183439984619743,0.255293350717991,0.148167289775125,0.0252216996339683,0.269683716201166,0.0479801023180783,0.139692849097315,0.145963865227549,0.154278134123513,0.0702380655691124,0.14709511060992,0.261207228157156,0.155947404198619,0.0667086532108724,0.138571501378023,0.070320430530157,0.106897738886377,0.0749776366730623,0.170527986080678,0.0888178251970979,0.0379724629997629,0.0572395891963272,0.101622629830319,0.272305731479048,0.261023894535406,0.143739102410525,0.186003298051179,0.194399086448695,0.155135814301387,0.0815497918844141,0.256219763375346,0.15635466490697,-0.00356877280515756,0.0702833511780428,0.234594544203621,0.181785508554236,0.239570455092296,0.136209285045172,0.0969407403439056,0.0953695519127399,0.197387741345937,0.0448848948029167,0.22997228919906,0.0645734087683367,0.0487920311562941
"CRL",0.297449610466675,0.301792185300057,0.29267931786474,0.257159051358117,0.177257698910057,0.239693167772146,0.46573123328321,0.504585884374839,0.257298343318204,0.452903850641668,0.413766410576586,0.213252697934038,0.402103715472024,0.342569055938184,0.481229320362468,0.451221412791004,0.380520687781708,0.403955653315571,0.390487050569263,0.449633809469644,0.578433918501801,0.268548049584733,1,0.478220931375213,0.408471393629195,0.482196793600696,0.478803386949195,0.494368540620765,0.51258216268966,0.377748927034464,0.359816011299412,0.476465936165028,0.427663775329716,0.47182186732639,0.565710932733105,0.407947704640746,0.497901027854255,0.548612242147442,0.323443340627305,0.448586559836835,0.35109172998684,0.365255949882106,0.415695862538407,0.46605666769101,0.273470129883985,0.511244018576105,0.505897013346472,0.443163780244722,0.247264557538381,0.490610116953418,0.274463230842653,0.443760334194569,0.456989234625131,0.426585115755824,0.285664605748428,0.328317174405623,0.374177342774379,0.377207128863831,0.247041956806869,0.409119718111074,0.316133633066421,0.340689387256818,0.24538229889208,0.4344074053475,0.441967298174867,0.171078064710133,0.25789825569775,0.339185875876544,0.506872799700382,0.412137595592,0.351239571285132,0.337929829228243,0.495302523210012,0.458096511316622,0.283059988878082,0.5747163261728,0.292386943863858,0.245775652821896,0.274447650392769,0.505645073351047,0.446536689392878,0.722886981906106,0.401208701764336,0.369298141122553,0.324956454602402,0.409634106111542,0.221922877322504,0.496718362162817,0.325304994519866,0.250432779811432
"PTC",0.323351461919691,0.383252873397999,0.330509767689333,0.328555553553952,0.207480814930248,0.34742799920858,0.492208838550869,0.450277723821476,0.280594702219042,0.524377255862349,0.512068860236492,0.213777865968272,0.35866975167484,0.301326080540766,0.475042616462092,0.419794643287819,0.41725242957085,0.357856592975049,0.424936007740551,0.471197164999887,0.506164603907081,0.219363131068499,0.478220931375213,1,0.538576522191467,0.439095032167822,0.589386905342492,0.5902450925701,0.585545859584435,0.446533919625367,0.415074529010221,0.434737698013079,0.462949552477627,0.56662417087379,0.402734902420839,0.428987397250986,0.554570684237553,0.395856395373919,0.204734201297028,0.434233658527036,0.386877073434935,0.399796699273502,0.511468155370015,0.531830626381607,0.412101592850029,0.389878846874477,0.513047813650235,0.464946104496716,0.315535497262963,0.591108628618277,0.360494061510093,0.480479703415231,0.530909975587895,0.447129353873063,0.28538907248724,0.361061340949882,0.378317381519512,0.394014829755748,0.325336334477087,0.445782884320225,0.368945524049866,0.464834522841802,0.219172827687963,0.410712367733781,0.435844517530445,0.284891885353127,0.391099047814675,0.352032729790037,0.496154109294587,0.447669138740365,0.344847163294324,0.483323425438141,0.562397410875058,0.50141285499421,0.273886870660815,0.536575583188171,0.335136202319518,0.258184772014776,0.40912234085505,0.59192867090343,0.378359484285208,0.563300026489511,0.386684489190095,0.467654142829977,0.301444272014481,0.385254230052099,0.275782292720039,0.444122826514122,0.448083651335853,0.25164992495195
"CZR",0.414181082917426,0.291147737141442,0.35139952438784,0.509733186392434,0.236212584568134,0.339404653027818,0.399625017181117,0.409843644386923,0.195004952129402,0.55178863432309,0.59275359083957,0.381610936087234,0.382369784625939,0.216241716588275,0.447811696843021,0.291798970414005,0.390944897980958,0.308648667527814,0.386955588048881,0.450698837899817,0.371080781110304,0.153037963560046,0.408471393629195,0.538576522191467,1,0.416735093978573,0.52563735337097,0.484197149412511,0.553626881008252,0.386784430511101,0.373725800758096,0.356042473619693,0.399745409204532,0.479221956486476,0.261998152945533,0.494998616144483,0.36932949116333,0.269401325883506,0.175505504865287,0.333533782282971,0.370780098858281,0.29250748428838,0.554917215480434,0.460915349809129,0.603020013312419,0.304170227325567,0.464790643372507,0.430261031061596,0.363666890229738,0.402979275254618,0.526954520597472,0.479190640963157,0.50602137143911,0.390035021334456,0.328535382676187,0.282087661469858,0.217625071285274,0.429805182360287,0.333498983327449,0.551478385991411,0.520194162842242,0.530690031977382,0.202109228139036,0.401631824057944,0.563931877064466,0.40743258306368,0.423429116349781,0.274564192552456,0.366802990647771,0.362114791033013,0.188328893467263,0.342515672302707,0.505338064988084,0.382675692861589,0.226661274282186,0.431936067924548,0.221509043765285,0.283700730292925,0.650409337876301,0.389278254755541,0.272156736107461,0.489706099138617,0.4033700064817,0.766017929271273,0.362511451093283,0.231098792074458,0.415017969175151,0.469309397216998,0.654305036382554,0.301364113369041
"GNRC",0.341234311126454,0.403154365329104,0.255688448609644,0.25705343133596,0.194456851432337,0.238443944537641,0.430749482339308,0.390308369553884,0.191852979843935,0.458220665826743,0.367401998838351,0.270138035716408,0.349321807588486,0.27000818156492,0.457075566420884,0.400087066367203,0.525344439806699,0.338744376428045,0.355375571297501,0.416540318767616,0.456661781933783,0.248058879194821,0.482196793600696,0.439095032167822,0.416735093978573,1,0.494173638487615,0.519689973845566,0.479069704528954,0.496433723588222,0.38423969558525,0.498723620059896,0.486602890606558,0.485076778333265,0.42289705544062,0.379340908483119,0.485985379335482,0.430875269985097,0.271204364315855,0.344407377411614,0.390543066228656,0.356692428032212,0.414968131787862,0.435517007114448,0.309272898502294,0.37762530097668,0.500094040364356,0.470265873087647,0.207483339667136,0.455356523648301,0.271064469493874,0.437991578890597,0.389062047076979,0.388424262371071,0.25106660051967,0.263132896752917,0.312723707287045,0.334712302157399,0.264020709344807,0.365484750053138,0.32290482456709,0.376260380980537,0.219925607378024,0.335359168835765,0.426837268066131,0.177455927105152,0.214240367698403,0.309399392365106,0.440138585464883,0.355168037612891,0.281880023008693,0.365937274007764,0.464324158722128,0.426784184646524,0.236964987820103,0.47602181910693,0.299226122428949,0.239319743704464,0.295588485026336,0.485898224315423,0.351784775969061,0.49413316809352,0.393500033862452,0.329212309776809,0.312480996368711,0.338283901636535,0.187171806770874,0.432708073505514,0.353246837519043,0.222068610737253
"NXPI",0.448963678683762,0.420657591140908,0.377213023473274,0.36999509058111,0.213831283969782,0.310493347672929,0.480109592658061,0.427815010985294,0.284092771127422,0.821297141016524,0.439727874398868,0.319777694544937,0.362526266670282,0.249909850756532,0.575291276638236,0.421315177086884,0.462451880477893,0.409854564865236,0.420893518494514,0.448720078059566,0.470542556494893,0.248597761300708,0.478803386949195,0.589386905342492,0.52563735337097,0.494173638487615,1,0.744946226012095,0.634525259227163,0.46056861109267,0.472468059710163,0.468906700790422,0.428983229054551,0.777114741863067,0.400163453119175,0.501911516909445,0.49965521373588,0.393774687815719,0.276401878515359,0.394958831698028,0.386975632489729,0.419127505251095,0.560178260565092,0.480194098012793,0.439230552206186,0.394785561751826,0.595043083114021,0.529950269174293,0.320975740231717,0.513022914230895,0.435871479539635,0.509464413366152,0.645905364257171,0.49233249239419,0.267325263138746,0.357331398651193,0.320369388863504,0.463768259250181,0.373190230721322,0.529941046861956,0.491905361788592,0.552710221120272,0.252896985491253,0.402994551165117,0.540119549353928,0.334002484646388,0.376154431406484,0.342668656344409,0.621206793377555,0.457054872424505,0.274029421156458,0.510202319783748,0.594348072945437,0.496752378362104,0.283645340064509,0.555758666768021,0.323685535533249,0.306449333512607,0.429749874743937,0.61579944664015,0.353029460579208,0.550899187113936,0.524293268773178,0.535805775791913,0.393897342944109,0.373565587538825,0.350335739798774,0.506982216204336,0.516116277548525,0.316016489571966
"MPWR",0.351432280163186,0.395466207186027,0.25363270372905,0.24534977248122,0.195709019116719,0.265189881891216,0.495528606082862,0.39967514828652,0.219424232109994,0.693253202127375,0.372623476248821,0.255504380139284,0.30920492076832,0.242618092241484,0.498842163205971,0.440714111563665,0.499540964669206,0.461870846880176,0.402657577981417,0.493032590051681,0.496266008170148,0.271755250533152,0.494368540620765,0.5902450925701,0.484197149412511,0.519689973845566,0.744946226012095,1,0.584373042013553,0.494364710553383,0.510677792819128,0.502580046634379,0.520268090317243,0.742403113682085,0.492323471575963,0.420093297319226,0.568844515958239,0.45989997691874,0.346704051336868,0.427116598840649,0.339250003876182,0.362873254186824,0.447674856704125,0.4940180559557,0.345089369155925,0.367358122750369,0.544627679536871,0.481357632316998,0.195886693967291,0.629054656835432,0.365585853600519,0.472225975304305,0.578613480038025,0.399208612231929,0.188964270449371,0.340203346988707,0.396639287204055,0.361478214536201,0.258239982459453,0.423178685827909,0.308339648405774,0.391328076293388,0.17342171828681,0.348566361671066,0.405382617198054,0.202691046111444,0.275799190765074,0.322505907410944,0.602056042211832,0.492723115540862,0.322827865513934,0.564783271167964,0.594654348263676,0.469661730902907,0.204742042871541,0.597782890739985,0.40971149432464,0.180454226597411,0.342346027035715,0.718410431477324,0.37572455263251,0.501610194877979,0.412439475438504,0.428150176075437,0.290816135904849,0.399832265831815,0.232187915805591,0.478922100312917,0.419761436627662,0.210564468344298
"TRMB",0.42993992045474,0.371907270776738,0.390011649073054,0.418718005626802,0.201164659750359,0.294706318579691,0.492472895524171,0.475423229751744,0.271693398267368,0.56845688786477,0.501924330149181,0.335579996535752,0.428040454383579,0.245460945792344,0.567864109485204,0.456837961253232,0.377123548464858,0.405899372259342,0.485881520711581,0.47482775813142,0.522550583022547,0.228147017168589,0.51258216268966,0.585545859584435,0.553626881008252,0.479069704528954,0.634525259227163,0.584373042013553,1,0.415176190900153,0.409786165681346,0.48593991037218,0.406965595470998,0.594111098580801,0.40524585645243,0.548583680979658,0.525896686389265,0.464667904319367,0.256939498561904,0.391231458613381,0.410959682214547,0.500737592402134,0.569005772192574,0.610838698972311,0.479310492856531,0.446552845268855,0.625886687525404,0.503587626387177,0.377101579383496,0.50113034637778,0.434737900340871,0.475718981388552,0.584544079238357,0.569263911864891,0.303737374600862,0.360287684918242,0.34016146211134,0.508838659092622,0.353901654745682,0.552259346206328,0.494848604667368,0.554953700853229,0.261080949753527,0.457052573090292,0.570766217010447,0.328904235482236,0.350536984801216,0.373272259213048,0.556612362119225,0.452105543670816,0.323879637014165,0.447040555781195,0.57283266577618,0.541225567292121,0.297680886718134,0.564687398387422,0.314270574532332,0.30040675112977,0.448183139819468,0.548103847720452,0.410106862208543,0.590921461309131,0.499439985848422,0.538267130800563,0.428104434100707,0.344468648394587,0.34196037785338,0.511920715559399,0.521731872851368,0.354194006534784
"ENPH",0.233881689242803,0.594532266172953,0.159760465783559,0.274023402846155,0.136163971240686,0.221883042341805,0.37781186624741,0.311726199897603,0.162856118831558,0.457723357421556,0.318242707079699,0.18760401330105,0.24521327073495,0.22272793135944,0.369020167740991,0.296093453529151,0.782382230026625,0.27182033085032,0.256522363452523,0.381244656885234,0.381985068517298,0.24270483414603,0.377748927034464,0.446533919625367,0.386784430511101,0.496433723588222,0.46056861109267,0.494364710553383,0.415176190900153,1,0.436907144096389,0.343197000405778,0.455164223723677,0.461178923985132,0.327099895563223,0.352608780355104,0.39950312854485,0.29320558623682,0.24057307689663,0.331371626846784,0.25344471193716,0.22943581256348,0.341171866307158,0.454587152335208,0.326350537795119,0.250585570847347,0.421130617728544,0.354217576500524,0.145588057278561,0.422111888602915,0.236891605216638,0.321608112227407,0.354881525660328,0.285426692149504,0.170644688441756,0.24379344292047,0.22569806447599,0.272324023617705,0.221814948069968,0.297765773195619,0.213099524349742,0.328790824544577,0.112263162780936,0.254879753223664,0.294693725811675,0.227942608642452,0.200548539896795,0.186449540323282,0.397408906126278,0.370592041206584,0.233344343088443,0.328853601935416,0.41681704213077,0.33037396850343,0.140102763660638,0.404100624421092,0.276231007713154,0.174435630621282,0.34165309001286,0.440142939713058,0.25693871151689,0.414070518586119,0.287472987221772,0.313350200463536,0.176738113520958,0.285684350030734,0.203755251233166,0.371259358962546,0.354401114026702,0.115532555197233
"TSLA",0.215155193509026,0.358049889106941,0.138559888476205,0.220382672386568,0.192387315382809,0.18351726135014,0.346511927453444,0.287016197921167,0.180137011133187,0.470440306801483,0.273379048701861,0.255642494010992,0.196320979426839,0.199284396252372,0.319913473516988,0.308072852817777,0.41003632775032,0.272151386099432,0.256280449668107,0.39221165187653,0.350548057269753,0.226282803709101,0.359816011299412,0.415074529010221,0.373725800758096,0.38423969558525,0.472468059710163,0.510677792819128,0.409786165681346,0.436907144096389,1,0.297461093881294,0.409055415093081,0.492202512325063,0.296411249516724,0.299759132267279,0.406286609293754,0.306135538385056,0.235059481379635,0.334024661663479,0.261434463997211,0.187546101472564,0.275184317641769,0.370024848915684,0.331300002066433,0.255192335299082,0.389889952155364,0.318260671426992,0.0978120096261794,0.429430824272146,0.245186256967474,0.290451517896472,0.353221485555152,0.243144646029231,0.155735472480725,0.216454751845269,0.253710835577714,0.235172207496679,0.149422280123676,0.257579830610475,0.20341640701466,0.240248539445887,0.0958175191146681,0.29650512545518,0.264639439189839,0.16740169351187,0.221203962929145,0.223536765419908,0.380902853156788,0.376585883005135,0.212322340491674,0.336472286066267,0.387783163938256,0.299776130409456,0.11272987138155,0.409029647043683,0.326314802375403,0.121210943160889,0.327617794092272,0.467441408637104,0.229086688854639,0.351776282318259,0.240270648313141,0.303477754664456,0.162240584350769,0.250002773348106,0.136525631097736,0.364334622890797,0.3270094261452,0.126979564073233
"POOL",0.287486180680348,0.247396313575714,0.198575325257747,0.104947332528712,0.102552589952537,0.239162662102754,0.441866011410957,0.442529706583155,0.272970354429559,0.401216103748176,0.314744786921635,0.239872459561093,0.372165207784304,0.283577059476173,0.532761464639703,0.495430008171185,0.378049174121261,0.347726633566906,0.424938239577699,0.392301288294075,0.423972375392073,0.185541070239365,0.476465936165028,0.434737698013079,0.356042473619693,0.498723620059896,0.468906700790422,0.502580046634379,0.48593991037218,0.343197000405778,0.297461093881294,1,0.489443804215529,0.450801166946855,0.443048514962133,0.323463577628982,0.482503306195507,0.521065181697181,0.390280225536839,0.371328433862803,0.309156245452748,0.384077380331725,0.389608919390941,0.399861125485382,0.246891953947696,0.402667197929314,0.475899098159026,0.516164002623927,0.167886806701295,0.473062456541195,0.159686187782696,0.528206513732944,0.436161775602461,0.490646240033072,0.232629033640814,0.301652989213279,0.362068581588533,0.356922770493723,0.235161321969542,0.367991678529734,0.275326314040985,0.325809442598598,0.303896278874521,0.341274461777785,0.396157918031282,0.0344312090239147,0.149960855356216,0.355216695895483,0.452717921378359,0.36071781216977,0.435325071745696,0.364566530856453,0.55420045004574,0.460499905308848,0.30598582697667,0.536896177684553,0.340218401943847,0.202247961244488,0.19143857941924,0.486246771996082,0.464565356885555,0.497687338127873,0.495715448174123,0.25882732077461,0.329987220668988,0.365983144417105,0.114486054697572,0.396554687231193,0.280491091207343,0.151258439240323
"ETSY",0.21796171843191,0.315551965558647,0.0771535861548241,0.139421819481447,0.16141705823519,0.208657882817548,0.416273202935596,0.293723000850416,0.209818316126,0.427082501427529,0.2612434905056,0.207627532419831,0.183385696202977,0.220099752269087,0.368047464916193,0.364355776458062,0.412465144644966,0.316138832888773,0.300347537442586,0.477797685931946,0.432174214856079,0.261173677524646,0.427663775329716,0.462949552477627,0.399745409204532,0.486602890606558,0.428983229054551,0.520268090317243,0.406965595470998,0.455164223723677,0.409055415093081,0.489443804215529,1,0.462585096528426,0.410854363554497,0.279942579279757,0.485223267344138,0.369504486226686,0.337217443393787,0.392307925779413,0.279017736410174,0.242895046104737,0.30912356133345,0.461906815439173,0.243698266811761,0.280501859396531,0.414318679196726,0.405291436412806,0.0453423610774255,0.531761100771116,0.192080330830814,0.399272607614189,0.337781660097204,0.295439221042715,0.152484544713624,0.23044655010012,0.392642766598987,0.258868590030509,0.185616398050406,0.2786675045595,0.173344059774382,0.233639488099044,0.0793496577336567,0.258876292806725,0.262680231784162,0.0607062688404372,0.145870605930218,0.237894841674384,0.412973952513331,0.398465343983045,0.33950732465353,0.328267947903474,0.464204056374118,0.370495358259871,0.10266130031193,0.469853590534715,0.363296186262676,0.0784488554724074,0.239928595518235,0.510106433835803,0.306322780547721,0.39319369752682,0.318909551035635,0.275194869164267,0.154944108455656,0.310772406202029,0.065848888681141,0.391284753157561,0.266918202903891,0.0704861217521869
"TER",0.366004142713386,0.401487883011315,0.294302362039419,0.286274215137342,0.183220263429376,0.252554801417058,0.434960117489492,0.40329198611423,0.253591912470816,0.724895923044733,0.37115567008604,0.265917130053996,0.340547039072492,0.209142760296858,0.524682723567358,0.423341690288857,0.459263279539675,0.395672277109802,0.416308181046806,0.474887053635944,0.480498049203722,0.26303947580195,0.47182186732639,0.56662417087379,0.479221956486476,0.485076778333265,0.777114741863067,0.742403113682085,0.594111098580801,0.461178923985132,0.492202512325063,0.450801166946855,0.462585096528426,1,0.40021490018524,0.499176068573769,0.51814341999189,0.409126824373585,0.307353048371734,0.408635736327666,0.337235128516936,0.347692989429005,0.482430637270126,0.460241434813318,0.403101677618707,0.394258632822773,0.593619660579924,0.499407166234335,0.273774337935294,0.483016666851015,0.384648752074819,0.480162454096473,0.565055236453797,0.45837616859008,0.276267525535389,0.310059247946868,0.375541518260699,0.404843733993604,0.307596120592092,0.471815512413658,0.376202902793549,0.459086334307358,0.209037460030943,0.372029527641738,0.447512788102125,0.268479896588698,0.321421541071148,0.307955364073044,0.636010910145448,0.467766995779981,0.286950330140907,0.491147749046453,0.569630247406113,0.456615923713831,0.238302006083051,0.551867371680899,0.366717056401373,0.267076559872354,0.390783905505865,0.634266574159938,0.335854898718451,0.521342722212536,0.423372442043576,0.450678955974565,0.289687180595509,0.397606300169788,0.317960337123152,0.491267334546204,0.452253397225346,0.246934447813121
"BIO",0.204511065121586,0.2215474925654,0.116711943974448,0.133037371730752,0.12174383021059,0.211672709463811,0.403954874560657,0.368764675771287,0.179103340084485,0.332783821370473,0.22730671854531,0.12331272700676,0.281215512274176,0.29398689514632,0.403932083068942,0.412021893608048,0.297912103836814,0.385476488736942,0.345113512149542,0.371154775378624,0.601421840306402,0.28691189352776,0.565710932733105,0.402734902420839,0.261998152945533,0.42289705544062,0.400163453119175,0.492323471575963,0.40524585645243,0.327099895563223,0.296411249516724,0.443048514962133,0.410854363554497,0.40021490018524,1,0.295680473934356,0.459656465095068,0.58140649128099,0.318755465185636,0.382561333777745,0.247470552158139,0.291412274819294,0.3107893360901,0.384673752941216,0.0994978734071946,0.415428321952838,0.363240970577472,0.368512114336443,0.137051845913785,0.466135589780855,0.144750490294969,0.319460101091729,0.344270359830581,0.362394930571702,0.190669683949788,0.25795234422607,0.363091888829523,0.309629646587499,0.189732183927434,0.282476288353959,0.173998393230492,0.211894453574704,0.214794065450368,0.311544766675524,0.290017007219033,0.0587815326461765,0.157231242511503,0.293704155532575,0.432003385224445,0.364566268221011,0.35367081961422,0.339986560812788,0.41786832812518,0.39587639689223,0.229666983041919,0.550329961862763,0.318941813676906,0.137776065009109,0.117979740126941,0.495379088529322,0.424696455367548,0.556753586179037,0.299726331255856,0.189080567350116,0.242904111182649,0.431326106591295,0.077412488544438,0.37753755221664,0.202373927154012,0.127711238325814
"TDY",0.443551825062618,0.266799246778263,0.489918584860794,0.467334403058871,0.239785914899989,0.363197778648998,0.390962616918947,0.449177936519009,0.320349284437845,0.484807080085451,0.519227728059605,0.333496130225076,0.419695805512799,0.32912548875404,0.55920433278043,0.443857453753716,0.339898877991848,0.270142601871385,0.514474206518214,0.347605319551529,0.385879108154862,0.159949353895882,0.407947704640746,0.428987397250986,0.494998616144483,0.379340908483119,0.501911516909445,0.420093297319226,0.548583680979658,0.352608780355104,0.299759132267279,0.323463577628982,0.279942579279757,0.499176068573769,0.295680473934356,1,0.404984377168619,0.357303696940849,0.206520133384403,0.355757778419592,0.429127156121036,0.391924565048159,0.569240659006691,0.440084724589234,0.477133188524486,0.457000709422541,0.486377909462354,0.47457014192492,0.481876893920202,0.356371119101513,0.431042577308243,0.458790572266095,0.576916797723468,0.536115505606326,0.495427764861678,0.320881355756306,0.276956809134086,0.523011627084145,0.411006440578122,0.523663422594871,0.504849248365397,0.565805892704185,0.401632862829889,0.489363121605598,0.553557527614246,0.428029382309205,0.451148508355665,0.38187868855449,0.479950718440965,0.361898244733113,0.307224683151647,0.416703811057384,0.520113394848173,0.526695245594535,0.386583639159195,0.470472359001683,0.2213946625853,0.524625092791954,0.465551018654643,0.414020561169774,0.380862371705615,0.572452866891052,0.443910004007315,0.537345524210914,0.438716671888677,0.344849241261743,0.435990853562454,0.436268158221134,0.514474747902303,0.451953665249022
"TYL",0.231206411800659,0.308278367171489,0.186069952309378,0.161259933268133,0.103246066582713,0.272903739920675,0.532342551652268,0.392476308702433,0.23486313851001,0.430514407758663,0.294877918030423,0.224793782845128,0.359533354315483,0.280497049607398,0.437186088909768,0.451086903288116,0.364062486533547,0.407953563567181,0.447952788396956,0.445299250786466,0.549545009099536,0.253078447977217,0.497901027854255,0.554570684237553,0.36932949116333,0.485985379335482,0.49965521373588,0.568844515958239,0.525896686389265,0.39950312854485,0.406286609293754,0.482503306195507,0.485223267344138,0.51814341999189,0.459656465095068,0.404984377168619,1,0.547696778492984,0.313509390642376,0.459063912323454,0.322081189092118,0.397539445802334,0.355555995306182,0.530606139839775,0.329940300997694,0.421937831896565,0.500608633711153,0.450516531218202,0.179142366992501,0.663969825457107,0.286689959951426,0.35148732880517,0.466185478220301,0.402494490556203,0.225140187900673,0.341814611174385,0.434424120579426,0.311649171185809,0.215748074108036,0.298282095886247,0.177477415742534,0.315707825171738,0.241893715512216,0.381561812003267,0.321719980747675,0.0842916715867587,0.21448449547775,0.380143027108817,0.524309813984208,0.511315255588092,0.372006472836299,0.477348124307225,0.50394891104888,0.513097364791405,0.250470632316154,0.564368583854542,0.398873062788601,0.187085260014042,0.244422770414359,0.63547684762219,0.433067546260656,0.53008492878824,0.314615296746606,0.329456700468316,0.24385051662552,0.402176643696198,0.116155859802973,0.396475226874181,0.371913444014015,0.169188136517063
"WST",0.222987005214512,0.219622949440403,0.154791860817602,0.146320024027069,0.10800993228054,0.222826874516181,0.434140467743246,0.4315733385428,0.239616550612796,0.340333521852197,0.22988801751498,0.16147620330923,0.322568785707881,0.343515057202567,0.446462103427021,0.435454370855586,0.277858129742213,0.354141189002845,0.388160823539175,0.36922300482067,0.562128534324018,0.30749037311479,0.548612242147442,0.395856395373919,0.269401325883506,0.430875269985097,0.393774687815719,0.45989997691874,0.464667904319367,0.29320558623682,0.306135538385056,0.521065181697181,0.369504486226686,0.409126824373585,0.58140649128099,0.357303696940849,0.547696778492984,1,0.308437130936836,0.42988355086323,0.293844196156426,0.319362170981991,0.331971812784538,0.390630657239512,0.142903579809523,0.462195879944204,0.422191994673633,0.447458316664846,0.143755781318608,0.475232771592615,0.163402155203102,0.367224722670039,0.395452785429858,0.385054975250254,0.216652499751068,0.319898933074408,0.39158021852216,0.331581159297851,0.190182738334707,0.299801340571521,0.176583860735794,0.226662979644692,0.256001282857849,0.402645320924778,0.296467615947942,0.0732082909414833,0.145744488781736,0.343484239771374,0.480767707098571,0.441987963839019,0.369605512547795,0.380036836895653,0.468860403692863,0.477425807519005,0.27614934621879,0.565340998813975,0.334900342760987,0.144164423072646,0.0971065891788108,0.529388726353776,0.470029143476813,0.589471119400449,0.322905411122602,0.208411818790876,0.242018102552001,0.45671741832268,0.11827123669545,0.461509922046849,0.202417564935052,0.149638323593895
"DPZ",0.147198370222723,0.166208902297742,0.10441662563409,0.0111122677370636,0.032035389675787,0.176209376673405,0.284724070361146,0.223064139091233,0.23418206065665,0.228964681963511,0.107025225477305,0.114773431468093,0.175928650889357,0.160804856174705,0.254529431693269,0.309742344615004,0.231628889211684,0.265736062543779,0.287772154178353,0.224579455126554,0.333905116817129,0.168715097598905,0.323443340627305,0.204734201297028,0.175505504865287,0.271204364315855,0.276401878515359,0.346704051336868,0.256939498561904,0.24057307689663,0.235059481379635,0.390280225536839,0.337217443393787,0.307353048371734,0.318755465185636,0.206520133384403,0.313509390642376,0.308437130936836,1,0.308883252157406,0.118491092747352,0.18634892034871,0.177388858668005,0.240809410967851,0.120560917947504,0.252601895836465,0.277489694438978,0.231998963104184,0.0752524051323772,0.370114621913464,0.0807263977406861,0.273999512351671,0.294269094986799,0.239051351399874,0.132037242615648,0.245477427705531,0.27908387230237,0.196585156673046,0.091399714044504,0.128057912248752,0.0782217309417939,0.163056616448843,0.160505081068273,0.200745395738196,0.129810897517848,0.0212532444679245,0.1262982399392,0.222127833174918,0.311316915409354,0.288373880070016,0.227193722714719,0.251677697056166,0.342238048530807,0.282731904180133,0.175719747054552,0.369020445403856,0.285481396049244,0.0948834180776478,0.0553298710865409,0.346434314672582,0.277578181897968,0.300671566608499,0.229955330571448,0.1206510926106,0.169639587137579,0.304447347261569,0.00961492009916074,0.270549071552513,0.146371339919822,0.1076554682026
"DXCM",0.181273004363166,0.284082791812101,0.230164007813868,0.16825321181931,0.0921353639721039,0.192378465818347,0.429065039463544,0.351841134701538,0.25312627226883,0.362780386448612,0.305761887807493,0.138211219714212,0.213804192158894,0.295689571176805,0.364104275221128,0.414559358729971,0.286092424915247,0.293382991289168,0.405210388039307,0.35239014184422,0.458291624746135,0.290984865595462,0.448586559836835,0.434233658527036,0.333533782282971,0.344407377411614,0.394958831698028,0.427116598840649,0.391231458613381,0.331371626846784,0.334024661663479,0.371328433862803,0.392307925779413,0.408635736327666,0.382561333777745,0.355757778419592,0.459063912323454,0.42988355086323,0.308883252157406,1,0.258490023105666,0.313799489188969,0.286152521295613,0.376111331290979,0.253876836555245,0.413255143617464,0.395037051037588,0.319556404091288,0.19676297533506,0.472923346022508,0.223945183110546,0.307816993517156,0.344472121794781,0.311959736631218,0.231365737133328,0.332963948174543,0.354299256037069,0.288385963697101,0.174229200194343,0.242435989233757,0.132380832125811,0.231921826711344,0.169337477675929,0.455623891488031,0.228880133073943,0.113733683541985,0.217201223106031,0.328556166781265,0.422112445303101,0.456297899512512,0.341070402290456,0.353228115799316,0.427389446310574,0.387213406583529,0.175781333610039,0.523240536052487,0.359317815321029,0.12891155486545,0.217646591575686,0.485444959512927,0.360877625037731,0.43820303383526,0.239025805616776,0.291247035880189,0.180108490145416,0.393691085055165,0.102891433515045,0.439184120707728,0.266534379944385,0.205570303470855
"CARR",0.388859411412886,0.257824982982599,0.363008532295848,0.311363001994513,0.187235790637378,0.131359713515427,0.348091289980332,0.326912189337127,0.211103600567582,0.360269273618546,0.41683540290202,0.242781367657006,0.325622393188057,0.201918885649745,0.470562507809973,0.312261833688156,0.279865888787783,0.239475776467051,0.309310552016492,0.287238739742634,0.291352500205415,0.166199119537905,0.35109172998684,0.386877073434935,0.370780098858281,0.390543066228656,0.386975632489729,0.339250003876182,0.410959682214547,0.25344471193716,0.261434463997211,0.309156245452748,0.279017736410174,0.337235128516936,0.247470552158139,0.429127156121036,0.322081189092118,0.293844196156426,0.118491092747352,0.258490023105666,1,0.653363009053538,0.580966783638056,0.281049775467172,0.369103044143404,0.336233733761537,0.445295612704249,0.419005745032673,0.324701064344937,0.295012257192236,0.276590121040107,0.366303106839131,0.393993089620354,0.48525063800869,0.253785279936373,0.211710066655421,0.247743557229226,0.393123879851574,0.320401068557005,0.47314613625154,0.395765283225586,0.500985414796618,0.184327340264118,0.311910229236124,0.491656422812054,0.268527567874353,0.317654960206081,0.241525375522519,0.331750796602951,0.257699852047101,0.286542236326863,0.29510967926278,0.389102517917001,0.41277489764155,0.178275552794379,0.337083477138848,0.159078742344396,0.311829537015468,0.347418415108906,0.298948082902022,0.20903155784697,0.41593946529812,0.494020252521607,0.357644523396385,0.411471142104134,0.244231608591181,0.246382296082317,0.384165010163699,0.388947506285287,0.314030302765968
"OTIS",0.423912168217104,0.229299538542056,0.434437439584514,0.312965414322797,0.173226226422127,0.250680761330613,0.425489363400826,0.417143811126913,0.267561712665224,0.363385011949048,0.432779383878744,0.229995854017728,0.421712715636649,0.202595358949978,0.53560078497936,0.396135687411974,0.244361539890241,0.268914455704863,0.439083962298856,0.283067043135024,0.317803882365772,0.151956515440028,0.365255949882106,0.399796699273502,0.29250748428838,0.356692428032212,0.419127505251095,0.362873254186824,0.500737592402134,0.22943581256348,0.187546101472564,0.384077380331725,0.242895046104737,0.347692989429005,0.291412274819294,0.391924565048159,0.397539445802334,0.319362170981991,0.18634892034871,0.313799489188969,0.653363009053538,1,0.553368773540919,0.368313821747334,0.299767616044825,0.398866781426005,0.449670695336384,0.400300705400887,0.419288620745344,0.356038109428856,0.296788165478529,0.376941508345452,0.443592475634703,0.579817630494565,0.305325575248503,0.309740499538004,0.281063298040965,0.48266871153758,0.40493084541562,0.509105703844196,0.43803660930151,0.523723327088441,0.332892834430501,0.359858043436633,0.492551518224067,0.231611447571882,0.290116403068388,0.320600442142967,0.368188075894482,0.2881608460474,0.369623551002933,0.316031004346024,0.44158077493752,0.501860329742942,0.315857470290397,0.397346491044681,0.204758285753178,0.337937383999088,0.293206950112192,0.349176772326174,0.334925778238124,0.456531707081879,0.484838888853109,0.342934108154772,0.485140819268258,0.275788844822845,0.258296724572501,0.328345906624828,0.348836023081249,0.40966227922613
"IR",0.556955787942591,0.327489568696793,0.527593956239865,0.504739151714177,0.284130166220968,0.348257901628559,0.403166972034975,0.465866825287128,0.248237073802435,0.55369846808578,0.520214785296555,0.346961323024267,0.449589327877761,0.270818499335378,0.618968209637491,0.408590990012209,0.334398549389004,0.323455259817285,0.491619153116518,0.369059626314405,0.356158459626921,0.124272687042935,0.415695862538407,0.511468155370015,0.554917215480434,0.414968131787862,0.560178260565092,0.447674856704125,0.569005772192574,0.341171866307158,0.275184317641769,0.389608919390941,0.30912356133345,0.482430637270126,0.3107893360901,0.569240659006691,0.355555995306182,0.331971812784538,0.177388858668005,0.286152521295613,0.580966783638056,0.553368773540919,1,0.409613171474684,0.523508138698069,0.415578241994425,0.537419036508232,0.488797850995563,0.543223587582172,0.350767705839524,0.451758017262178,0.514854193533688,0.608420719409454,0.652456640280132,0.338645225972983,0.307544196633914,0.206207967831869,0.548506649909767,0.449000649587345,0.634523195962715,0.618630794851228,0.715795648386052,0.344464338833113,0.427641374852812,0.676836463722018,0.476006804611858,0.505185836883968,0.29531013686224,0.44590440813012,0.323636258863468,0.334708247308681,0.410929951698558,0.539105764237919,0.542449761568462,0.346729002749253,0.466917792052525,0.195066642234344,0.433228012700668,0.500226394038729,0.399256816871192,0.263690009862726,0.541575104663551,0.586310923695404,0.56697825082923,0.52149855692764,0.306959600085976,0.458106401354114,0.441016316298916,0.591237764006091,0.480784457644659
"PAYC",0.255910871097126,0.334535684617704,0.278923174660234,0.286133437057121,0.123927579816358,0.261738136367158,0.48675047181104,0.42961230479015,0.196258132245825,0.444695114301737,0.430712618007767,0.243780041583217,0.357160342952211,0.218952819048689,0.44770536874737,0.407824637632419,0.423520404716024,0.373195253129155,0.436230964578947,0.501333927950046,0.453176640451953,0.200562354842815,0.46605666769101,0.531830626381607,0.460915349809129,0.435517007114448,0.480194098012793,0.4940180559557,0.610838698972311,0.454587152335208,0.370024848915684,0.399861125485382,0.461906815439173,0.460241434813318,0.384673752941216,0.440084724589234,0.530606139839775,0.390630657239512,0.240809410967851,0.376111331290979,0.281049775467172,0.368313821747334,0.409613171474684,1,0.377322927763573,0.374203053856377,0.509414920819113,0.366772278562539,0.274667416863862,0.579680124115614,0.325181891569627,0.408472244853687,0.458448946251578,0.389635990981591,0.25595158879401,0.303713948224407,0.353959626177262,0.414327558624859,0.272048640695323,0.441238012090389,0.307946691278242,0.394519420308033,0.211294712440755,0.394656464457526,0.396215528576297,0.224731772866847,0.293618338111671,0.325079319693861,0.454905390061443,0.44213676985497,0.298900234790366,0.390649297081213,0.528431627432349,0.48707904053255,0.257621476799407,0.532161774300186,0.290966110644002,0.223978482511073,0.402591595864899,0.51648188186763,0.376935285647282,0.534488367367369,0.331769112064613,0.417242189849618,0.300837785999272,0.319423033254326,0.225250055498351,0.477566977356589,0.417878788612108,0.24454425708963
"LYV",0.357785654416464,0.254127854826992,0.421030173381798,0.448631721828185,0.154637053938969,0.271641649232454,0.376571295047266,0.358649895010541,0.171610891910033,0.475247856491157,0.517370126785139,0.383566444656085,0.366949190024071,0.182867291732304,0.365287368372896,0.260887314832978,0.312557643032597,0.2522765343425,0.341617979279137,0.355999265847169,0.288244859696599,0.0599475702581533,0.273470129883985,0.412101592850029,0.603020013312419,0.309272898502294,0.439230552206186,0.345089369155925,0.479310492856531,0.326350537795119,0.331300002066433,0.246891953947696,0.243698266811761,0.403101677618707,0.0994978734071946,0.477133188524486,0.329940300997694,0.142903579809523,0.120560917947504,0.253876836555245,0.369103044143404,0.299767616044825,0.523508138698069,0.377322927763573,1,0.305217022323964,0.420774319016249,0.325382666380669,0.379868018977285,0.331891680273299,0.508923897776343,0.389935454722893,0.484066377339825,0.370572404549032,0.290180465626958,0.249559667251959,0.144508741003611,0.343558428981975,0.31940807070399,0.449632556439331,0.450227375136225,0.520663600382576,0.190599305421027,0.367394397387826,0.491000383794398,0.398607550979246,0.485583117124952,0.167485891271582,0.310469810105787,0.291955951810208,0.1094887599867,0.31695667863795,0.437372617167522,0.334673761411348,0.206332594460282,0.303653355448307,0.1514697768631,0.320211056941238,0.620184130488453,0.301618479691596,0.165790559064049,0.388496272336312,0.380510068484719,0.63842029418292,0.341849491421404,0.182454076610927,0.392501048407885,0.388693488665741,0.653723873772633,0.317652102271998
"STE",0.364194868071231,0.246437947818666,0.407164162965048,0.256621226878929,0.210175546598471,0.28020417249401,0.438960709587241,0.477579937802234,0.289007870848339,0.339642127202719,0.372163437689518,0.256133125086276,0.433198042390779,0.34474411972587,0.50999997446699,0.489027428744408,0.329719320183328,0.28775935052855,0.515799199717858,0.369758524707059,0.450549741475148,0.183439984619743,0.511244018576105,0.389878846874477,0.304170227325567,0.37762530097668,0.394785561751826,0.367358122750369,0.446552845268855,0.250585570847347,0.255192335299082,0.402667197929314,0.280501859396531,0.394258632822773,0.415428321952838,0.457000709422541,0.421937831896565,0.462195879944204,0.252601895836465,0.413255143617464,0.336233733761537,0.398866781426005,0.415578241994425,0.374203053856377,0.305217022323964,1,0.409935465961327,0.37740453066047,0.398011012069231,0.383854237543947,0.240086777588683,0.397620325442528,0.464990353142228,0.495317005884249,0.355550187410024,0.329145273608378,0.351308722926928,0.487719732972742,0.320677037818544,0.438148155264085,0.338956984946651,0.423252596884966,0.425789313226529,0.556287019775008,0.426120884620979,0.225094646796127,0.308905723691007,0.425859973476209,0.436573171118617,0.351157458817958,0.35678412715284,0.335288151463893,0.441291101006941,0.554757477256962,0.408434681862907,0.508374257010728,0.237727965925136,0.336947448047631,0.238737078083269,0.436945733004304,0.455463645013635,0.546188363066882,0.350637667322247,0.323620464205731,0.396068609999551,0.456749785214561,0.275984229805344,0.450032806075159,0.32502103412531,0.346172435968454
"ZBRA",0.370023219219183,0.358684213916704,0.335801301490031,0.33579946793855,0.242115631572351,0.2425042874729,0.472850377326602,0.42808241898545,0.286866808263729,0.559290784146468,0.423839303455182,0.346689144579671,0.414663300529348,0.259291224380072,0.548008190986309,0.435149314421138,0.421992489540312,0.395676000402789,0.426827930329875,0.469820352637253,0.442375886784262,0.255293350717991,0.505897013346472,0.513047813650235,0.464790643372507,0.500094040364356,0.595043083114021,0.544627679536871,0.625886687525404,0.421130617728544,0.389889952155364,0.475899098159026,0.414318679196726,0.593619660579924,0.363240970577472,0.486377909462354,0.500608633711153,0.422191994673633,0.277489694438978,0.395037051037588,0.445295612704249,0.449670695336384,0.537419036508232,0.509414920819113,0.420774319016249,0.409935465961327,1,0.504782488160103,0.318557264334703,0.477050074787109,0.375262563266119,0.486213655272227,0.563403242615057,0.507739860016741,0.278698739272809,0.299133114380377,0.369746638410351,0.461832979654297,0.331813593397383,0.531372637469181,0.436876475995857,0.483053601671825,0.270067008774754,0.413205249589016,0.51721920369313,0.276578160627139,0.333132982884452,0.314061208355773,0.554460798439871,0.418499377724964,0.320657193676076,0.427841819055244,0.527186538034656,0.485146063071217,0.278540286576249,0.530438698937853,0.338795108835236,0.303079324158455,0.404080146207139,0.532720511399894,0.35039208717706,0.566208101494444,0.500070546995616,0.433763455659876,0.392563969355209,0.330329163832273,0.305835982549618,0.499699635082153,0.43700994605244,0.283379192314797
"ODFL",0.400061634985885,0.304807484870591,0.298024007447009,0.295547633717865,0.128480517295806,0.239929323493637,0.388902157246129,0.408439501534387,0.315326374918539,0.478077893358656,0.392140676359021,0.238914763443107,0.334589651553329,0.288196438175259,0.522222506524485,0.449814820976961,0.346980460937503,0.320350886837022,0.431626477239363,0.368934391591143,0.442959733213092,0.148167289775125,0.443163780244722,0.464946104496716,0.430261031061596,0.470265873087647,0.529950269174293,0.481357632316998,0.503587626387177,0.354217576500524,0.318260671426992,0.516164002623927,0.405291436412806,0.499407166234335,0.368512114336443,0.47457014192492,0.450516531218202,0.447458316664846,0.231998963104184,0.319556404091288,0.419005745032673,0.400300705400887,0.488797850995563,0.366772278562539,0.325382666380669,0.37740453066047,0.504782488160103,1,0.292898952772218,0.430876020239318,0.305129015518144,0.457792017746441,0.488613165947566,0.468180936405007,0.294561217433395,0.310841598975599,0.314544204862669,0.39899637256647,0.292535422623191,0.453019375288553,0.392315414989401,0.446153052763504,0.269806799126093,0.34486304549461,0.468848954087892,0.205834250038092,0.289674927257351,0.322305343253972,0.46395159624764,0.395030720006018,0.363670811459772,0.389505329698216,0.550253368221042,0.491051505743763,0.232414251189016,0.518470665571915,0.252507808548854,0.310582573796802,0.328741109733908,0.502494400397466,0.365966672996529,0.538099773021978,0.500427034105505,0.411725270452496,0.371269837555145,0.331126207788561,0.256227823676703,0.426234648476806,0.435359801071471,0.250919608621964
"WRB",0.46060305823033,0.203118240872965,0.758909682586057,0.435537012052797,0.252706606389848,0.330712236716421,0.308169719007472,0.436326642214509,0.273494765203405,0.286884300921127,0.470602344740551,0.251277589083484,0.456825594380141,0.311228068672351,0.468456554227255,0.401374766222424,0.149192592211555,0.155596579063878,0.620957812926289,0.156652436141714,0.184204477353223,0.0252216996339683,0.247264557538381,0.315535497262963,0.363666890229738,0.207483339667136,0.320975740231717,0.195886693967291,0.377101579383496,0.145588057278561,0.0978120096261794,0.167886806701295,0.0453423610774255,0.273774337935294,0.137051845913785,0.481876893920202,0.179142366992501,0.143755781318608,0.0752524051323772,0.19676297533506,0.324701064344937,0.419288620745344,0.543223587582172,0.274667416863862,0.379868018977285,0.398011012069231,0.318557264334703,0.292898952772218,1,0.170006942752659,0.307427197272136,0.37836343899899,0.479424764976521,0.48934202147936,0.41368003537915,0.323473238482324,0.145664370765126,0.52251237908171,0.428778685322315,0.536719106253061,0.512308195385391,0.568499941222724,0.469545818115018,0.399749014646354,0.51376240528945,0.39335978819339,0.479352006582491,0.337333827784331,0.277846377454443,0.193943199931157,0.304795671856586,0.254616803863622,0.381943345969988,0.436017365251274,0.479414197301002,0.300453421066778,0.0287556830392291,0.511519735664902,0.360203077292432,0.214132247568418,0.272048811551916,0.413478307405787,0.406676483733429,0.450625716856244,0.515736439167534,0.225652007316291,0.469163041062987,0.269556114385117,0.477037454301834,0.732828224798244
"NOW",0.224211359653454,0.312214081509653,0.226139243342108,0.195388508683201,0.115285362900515,0.280821295206296,0.554068813732385,0.393758327378364,0.19000343800519,0.448451361138081,0.340915803495277,0.174163822051325,0.289207976287621,0.230292949430776,0.421235488572151,0.462734890998974,0.40944540665584,0.454085296658331,0.423114243493439,0.481966793350824,0.525184038507206,0.269683716201166,0.490610116953418,0.591108628618277,0.402979275254618,0.455356523648301,0.513022914230895,0.629054656835432,0.50113034637778,0.422111888602915,0.429430824272146,0.473062456541195,0.531761100771116,0.483016666851015,0.466135589780855,0.356371119101513,0.663969825457107,0.475232771592615,0.370114621913464,0.472923346022508,0.295012257192236,0.356038109428856,0.350767705839524,0.579680124115614,0.331891680273299,0.383854237543947,0.477050074787109,0.430876020239318,0.170006942752659,1,0.260715463360405,0.393774990272523,0.493570945380381,0.330319635038206,0.1780169544733,0.387902137211506,0.423681762760275,0.308223201045331,0.225606558245111,0.314417567755177,0.198880292387093,0.301207987703235,0.167263023815883,0.379588794524992,0.311775221163921,0.114778704168594,0.191367413732965,0.358475891790583,0.506233761690574,0.575415808337008,0.345244252551589,0.525681116283532,0.547018201930257,0.49597048795755,0.197535964906794,0.636731273513366,0.427368393875078,0.121965823670505,0.263399658737212,0.697895973107955,0.426058992913251,0.520985603819551,0.31704237043447,0.343104929854937,0.228303657659752,0.409491059555225,0.1170361722851,0.401264861437125,0.351789963338793,0.183000116117423
"LVS",0.372301176070303,0.227206714944044,0.368116675834623,0.37882258360791,0.154620463755112,0.273712061275556,0.279581719866482,0.268355100204783,0.15002109921932,0.433416265926869,0.445620053859653,0.378432801707305,0.255837107655642,0.128300222287815,0.332116374734228,0.184975332450847,0.254381047127193,0.269048602953087,0.272735428412716,0.310635708177031,0.288002862397338,0.0479801023180783,0.274463230842653,0.360494061510093,0.526954520597472,0.271064469493874,0.435871479539635,0.365585853600519,0.434737900340871,0.236891605216638,0.245186256967474,0.159686187782696,0.192080330830814,0.384648752074819,0.144750490294969,0.431042577308243,0.286689959951426,0.163402155203102,0.0807263977406861,0.223945183110546,0.276590121040107,0.296788165478529,0.451758017262178,0.325181891569627,0.508923897776343,0.240086777588683,0.375262563266119,0.305129015518144,0.307427197272136,0.260715463360405,1,0.309318988378064,0.399044691306929,0.319311240836909,0.217468597739322,0.181626277544869,0.146075934081333,0.338392831652412,0.308829999185705,0.42647665478182,0.463169458829819,0.459296554334332,0.14543074232116,0.291810276128547,0.461923427188721,0.365632197852743,0.401217422024485,0.156365931597364,0.304101069451239,0.195540734073839,0.0820060128088377,0.2627850124599,0.346082662353861,0.303079168754562,0.150350517015343,0.279209137431366,0.164320605884556,0.292406955818246,0.524687358084093,0.288531214490467,0.121452045604265,0.343547476782175,0.335123088227868,0.678573054137873,0.362662712886055,0.163148732022087,0.344188824034294,0.365163753851184,0.581954963818304,0.331851366499803
"NVR",0.390856173718244,0.268968838522408,0.413240034549133,0.287170562724421,0.226473236014926,0.374653440892755,0.421679823793182,0.53313390600049,0.366846137792188,0.486500065643004,0.480580491538868,0.320404368766279,0.499129943407793,0.30983684356562,0.569456975964414,0.463561258275953,0.361228392279471,0.282317380174365,0.468956959686767,0.362321285515106,0.329627536344604,0.139692849097315,0.443760334194569,0.480479703415231,0.479190640963157,0.437991578890597,0.509464413366152,0.472225975304305,0.475718981388552,0.321608112227407,0.290451517896472,0.528206513732944,0.399272607614189,0.480162454096473,0.319460101091729,0.458790572266095,0.35148732880517,0.367224722670039,0.273999512351671,0.307816993517156,0.366303106839131,0.376941508345452,0.514854193533688,0.408472244853687,0.389935454722893,0.397620325442528,0.486213655272227,0.457792017746441,0.37836343899899,0.393774990272523,0.309318988378064,1,0.533086571868201,0.494349710917185,0.365603388314348,0.317099508257564,0.340487502080944,0.491466767167265,0.316594949629426,0.498115890574537,0.450319081081448,0.490397710378066,0.438138315480879,0.414407478739063,0.502364565898983,0.251936764624302,0.393939001941681,0.352636695949225,0.385998009699052,0.313704427176532,0.344713990320296,0.397998250297183,0.628488487674477,0.480335566739523,0.439091967042901,0.460388868080156,0.187462070223112,0.387247403208682,0.397485071992343,0.416188083191829,0.411696382906507,0.541427547459433,0.526190643934744,0.448392029530069,0.425365779172686,0.364283609721305,0.328572287086231,0.439961759409193,0.424627116464367,0.303838780681119
"CDW",0.460415290842097,0.326260647967119,0.497740880150043,0.389397550481625,0.196096795229175,0.402169480942399,0.487883142955577,0.489593471201905,0.308712165038673,0.579201057912273,0.455105446066557,0.308023723450083,0.478209864748078,0.342461147540035,0.603616664870859,0.484275345331659,0.3584943411159,0.37362698702179,0.532210582910086,0.392718840985547,0.43036485349899,0.145963865227549,0.456989234625131,0.530909975587895,0.50602137143911,0.389062047076979,0.645905364257171,0.578613480038025,0.584544079238357,0.354881525660328,0.353221485555152,0.436161775602461,0.337781660097204,0.565055236453797,0.344270359830581,0.576916797723468,0.466185478220301,0.395452785429858,0.294269094986799,0.344472121794781,0.393993089620354,0.443592475634703,0.608420719409454,0.458448946251578,0.484066377339825,0.464990353142228,0.563403242615057,0.488613165947566,0.479424764976521,0.493570945380381,0.399044691306929,0.533086571868201,1,0.545667560430127,0.403160156969926,0.396365539693382,0.299495228335426,0.51522426482875,0.447416583373732,0.533588655665771,0.496637132338091,0.610053388796316,0.403880967273487,0.412801874994275,0.549767510380061,0.366092903649869,0.461891920202508,0.400234585451626,0.566017717650356,0.412977929612425,0.319230776347424,0.49803122405667,0.617999936648474,0.563185858428855,0.428463778035948,0.536115275459574,0.257272498770175,0.434613703836926,0.466343482933175,0.526808735926206,0.392407544600787,0.568796446297409,0.525092424140716,0.500386429748227,0.44773332751539,0.446002087348327,0.378802048643069,0.440558337239772,0.530113724272513,0.400311488652389
"IEX",0.469272126863972,0.28347849174436,0.436688349545992,0.32981381306799,0.185950949003532,0.317536910380751,0.42270648501188,0.473338818019223,0.349054801526592,0.427144691051506,0.417309399069078,0.271778582541748,0.478128534175793,0.343483580677262,0.638948760487592,0.497391751179972,0.300709107146199,0.289827090326284,0.545808908285548,0.314003303800958,0.411644737154867,0.154278134123513,0.426585115755824,0.447129353873063,0.390035021334456,0.388424262371071,0.49233249239419,0.399208612231929,0.569263911864891,0.285426692149504,0.243144646029231,0.490646240033072,0.295439221042715,0.45837616859008,0.362394930571702,0.536115505606326,0.402494490556203,0.385054975250254,0.239051351399874,0.311959736631218,0.48525063800869,0.579817630494565,0.652456640280132,0.389635990981591,0.370572404549032,0.495317005884249,0.507739860016741,0.468180936405007,0.48934202147936,0.330319635038206,0.319311240836909,0.494349710917185,0.545667560430127,1,0.377598877853476,0.337552714944802,0.269171600610049,0.540654040208639,0.445409256650058,0.551529688523494,0.51746833638659,0.604501107579438,0.426678876260988,0.448649014358094,0.580881389056492,0.316400131984737,0.416608495174058,0.4072255371201,0.474448814747729,0.303065480785058,0.417055200293221,0.358857566651925,0.514520348114157,0.561706506938135,0.399230873480476,0.450747608014844,0.197090273137263,0.46746637605062,0.295405359306889,0.39834648610448,0.401901907855196,0.543413916586898,0.614012723739767,0.396804522118697,0.518244264780297,0.379916955144428,0.342790439613671,0.371622851468492,0.424112146035439,0.395495435594531
"LDOS",0.325430761313548,0.163468278389546,0.413139320741836,0.307675023857263,0.193318804811885,0.310502320108624,0.31322817935385,0.352807909016376,0.275122447311116,0.223020660337075,0.409813840866948,0.229633380255784,0.400766231260581,0.306713975776885,0.37731382409126,0.37320588413225,0.161162519746328,0.0522035580144583,0.413425228413673,0.234293889722682,0.199907784769988,0.0702380655691124,0.285664605748428,0.28538907248724,0.328535382676187,0.25106660051967,0.267325263138746,0.188964270449371,0.303737374600862,0.170644688441756,0.155735472480725,0.232629033640814,0.152484544713624,0.276267525535389,0.190669683949788,0.495427764861678,0.225140187900673,0.216652499751068,0.132037242615648,0.231365737133328,0.253785279936373,0.305325575248503,0.338645225972983,0.25595158879401,0.290180465626958,0.355550187410024,0.278698739272809,0.294561217433395,0.41368003537915,0.1780169544733,0.217468597739322,0.365603388314348,0.403160156969926,0.377598877853476,1,0.284956942644459,0.157027637992962,0.371858672444377,0.348168189427716,0.392694344890447,0.325093389490066,0.416144087258502,0.447609408125829,0.364755325494631,0.372334648989117,0.308059263390931,0.299719928017563,0.39293105037324,0.272948697280655,0.210574407175826,0.282513068924143,0.332154444834477,0.326057187084576,0.357800209657572,0.439509346876175,0.289241903847077,0.146212751217362,0.5278422055845,0.270410108661001,0.230206309317259,0.346491895785565,0.398747999661784,0.313389439508985,0.332382494973763,0.351744204863566,0.29635036740795,0.365535401629772,0.234923920808436,0.29241712534477,0.341405730071877
"TMUS",0.258541115215726,0.227253810506905,0.316377071588355,0.228377792757082,0.0963973050458146,0.286633833571306,0.368010415984317,0.36568847564706,0.304481659197054,0.280064307853118,0.301403391387502,0.199535962269888,0.302269038275385,0.265934914812019,0.326322542552258,0.386759124490347,0.224829520138018,0.240759253224315,0.393846876177031,0.242316705550454,0.282576014244183,0.14709511060992,0.328317174405623,0.361061340949882,0.282087661469858,0.263132896752917,0.357331398651193,0.340203346988707,0.360287684918242,0.24379344292047,0.216454751845269,0.301652989213279,0.23044655010012,0.310059247946868,0.25795234422607,0.320881355756306,0.341814611174385,0.319898933074408,0.245477427705531,0.332963948174543,0.211710066655421,0.309740499538004,0.307544196633914,0.303713948224407,0.249559667251959,0.329145273608378,0.299133114380377,0.310841598975599,0.323473238482324,0.387902137211506,0.181626277544869,0.317099508257564,0.396365539693382,0.337552714944802,0.284956942644459,1,0.265220418812301,0.322518001219423,0.272335063718922,0.317323863080449,0.251357752156254,0.311854050483326,0.307854117486862,0.31595603526113,0.294637699631144,0.181211174222694,0.275025450760096,0.347836246326376,0.312908742500437,0.338510627646502,0.313230655793269,0.312056063067354,0.39514984075223,0.36833236995127,0.330537047018041,0.369749435814297,0.289529369637185,0.240889955417723,0.182641607559801,0.393773112169903,0.344400837361966,0.359723721345585,0.290163319161506,0.300898797446157,0.266756685030742,0.326069443077083,0.204862512557476,0.237081772106836,0.307361539515088,0.259650689439326
"MKTX",0.123581172575086,0.189701176462823,0.146473446001821,0.0916551911364115,0.112737224758032,0.14608599406471,0.349043590018302,0.354895040504279,0.258902505002353,0.271375148958495,0.23037723945555,0.149363459258476,0.295543072734071,0.224020297255315,0.360691302227973,0.426498751041588,0.275044023870582,0.265543101585154,0.327094022538024,0.337898290205999,0.343717109267298,0.261207228157156,0.374177342774379,0.378317381519512,0.217625071285274,0.312723707287045,0.320369388863504,0.396639287204055,0.34016146211134,0.22569806447599,0.253710835577714,0.362068581588533,0.392642766598987,0.375541518260699,0.363091888829523,0.276956809134086,0.434424120579426,0.39158021852216,0.27908387230237,0.354299256037069,0.247743557229226,0.281063298040965,0.206207967831869,0.353959626177262,0.144508741003611,0.351308722926928,0.369746638410351,0.314544204862669,0.145664370765126,0.423681762760275,0.146075934081333,0.340487502080944,0.299495228335426,0.269171600610049,0.157027637992962,0.265220418812301,1,0.333231453287703,0.151115628239737,0.232384413706127,0.128079060551804,0.137965443105027,0.210166707185466,0.350959871393029,0.202907351658592,0.02259074545695,0.154733626237007,0.285688328501481,0.366292345899311,0.382862776506606,0.337555767383711,0.319442239782412,0.3936991998183,0.369576309330357,0.223941482435324,0.480278615717809,0.280874668619161,0.147683563435613,0.120503721406502,0.443410320818857,0.407438901643335,0.39621017184227,0.24474537862771,0.210965650822992,0.185040654181944,0.316041619261716,0.102213745103626,0.336378137838488,0.168493329330975,0.128219268893553
"AMCR",0.485633770488361,0.248085874642772,0.498424740570662,0.409367142071613,0.262673636955003,0.3556928359128,0.367800649111776,0.500245304129591,0.372848946288145,0.40136636310689,0.512356951412459,0.329091624975761,0.457704188966214,0.29788752434434,0.588047013463965,0.470618905659131,0.287780555456566,0.285574606825835,0.502571343637962,0.282348152295635,0.303082740492726,0.155947404198619,0.377207128863831,0.394014829755748,0.429805182360287,0.334712302157399,0.463768259250181,0.361478214536201,0.508838659092622,0.272324023617705,0.235172207496679,0.356922770493723,0.258868590030509,0.404843733993604,0.309629646587499,0.523011627084145,0.311649171185809,0.331581159297851,0.196585156673046,0.288385963697101,0.393123879851574,0.48266871153758,0.548506649909767,0.414327558624859,0.343558428981975,0.487719732972742,0.461832979654297,0.39899637256647,0.52251237908171,0.308223201045331,0.338392831652412,0.491466767167265,0.51522426482875,0.540654040208639,0.371858672444377,0.322518001219423,0.333231453287703,1,0.44839336421775,0.619101511324831,0.601871543765251,0.561244171330225,0.477141166143995,0.447616020330093,0.623082745552966,0.319842688624332,0.431732027288599,0.38247196817267,0.430966805812221,0.281942125641326,0.356307439165395,0.335713304558631,0.505421336374795,0.5367546929435,0.45758298793756,0.470747581478306,0.149287924841917,0.424608132667877,0.377791982439033,0.368503484289673,0.401958036138145,0.52613502398194,0.504186887720303,0.468177802087536,0.607941153013376,0.342898023256417,0.404058819377757,0.386887050305726,0.430161871301603,0.483572229639324
"CTVA",0.47981917482562,0.238036829699484,0.412126520125767,0.448677842085254,0.315037242324782,0.343471515529232,0.243954516189169,0.347995748449529,0.260247826103511,0.349415087417135,0.412455794509234,0.26369438275753,0.380775477211678,0.255712913853623,0.397748173495236,0.283126378314153,0.244201512210939,0.138694021941855,0.363898810154845,0.225435926585962,0.230310891842609,0.0667086532108724,0.247041956806869,0.325336334477087,0.333498983327449,0.264020709344807,0.373190230721322,0.258239982459453,0.353901654745682,0.221814948069968,0.149422280123676,0.235161321969542,0.185616398050406,0.307596120592092,0.189732183927434,0.411006440578122,0.215748074108036,0.190182738334707,0.091399714044504,0.174229200194343,0.320401068557005,0.40493084541562,0.449000649587345,0.272048640695323,0.31940807070399,0.320677037818544,0.331813593397383,0.292535422623191,0.428778685322315,0.225606558245111,0.308829999185705,0.316594949629426,0.447416583373732,0.445409256650058,0.348168189427716,0.272335063718922,0.151115628239737,0.44839336421775,1,0.535282999122681,0.553280504117427,0.499747391591235,0.308080611359448,0.31998688557394,0.541620360367059,0.399961812967968,0.327146682790491,0.259789772279551,0.296519868811098,0.194208486987194,0.251436267858774,0.231699972572539,0.332597182730911,0.364725443644472,0.315204440612665,0.27817958558996,0.117728888748935,0.440849017231027,0.307850777010735,0.230817565954648,0.200625283081621,0.370712352265827,0.393741854449763,0.344778657333433,0.430882262000023,0.273873883503234,0.435605315221717,0.25430005484852,0.393154490427354,0.370613046667283
"DD",0.572368446048735,0.286856201073496,0.531125880014063,0.524827400979072,0.32414941687644,0.34279989731921,0.394446570114536,0.428502554055514,0.290363819572363,0.507175061016199,0.494208299289902,0.341314654219003,0.412210402556647,0.291609516470866,0.609906310719963,0.402058065145417,0.343115401782829,0.270795293007754,0.482712290906385,0.378812810315629,0.315465767648376,0.138571501378023,0.409119718111074,0.445782884320225,0.551478385991411,0.365484750053138,0.529941046861956,0.423178685827909,0.552259346206328,0.297765773195619,0.257579830610475,0.367991678529734,0.2786675045595,0.471815512413658,0.282476288353959,0.523663422594871,0.298282095886247,0.299801340571521,0.128057912248752,0.242435989233757,0.47314613625154,0.509105703844196,0.634523195962715,0.441238012090389,0.449632556439331,0.438148155264085,0.531372637469181,0.453019375288553,0.536719106253061,0.314417567755177,0.42647665478182,0.498115890574537,0.533588655665771,0.551529688523494,0.392694344890447,0.317323863080449,0.232384413706127,0.619101511324831,0.535282999122681,1,0.714453332196374,0.655350589094217,0.354628813429919,0.400864156771664,0.731980689729401,0.458534273173921,0.465529303816509,0.327535417331448,0.435375842182203,0.304972966645741,0.300350916616776,0.404187847441495,0.500117349389631,0.463818915903371,0.355620462517323,0.432812941013632,0.159635794925783,0.440554367358329,0.48427079613343,0.372447728299867,0.289431517266793,0.528477282664873,0.529139371769167,0.566737294170491,0.585021903437427,0.274987551831294,0.498208709554366,0.440910282609057,0.531958066208294,0.509661141746245
"DOW",0.618404969618329,0.263354402283951,0.474910144436169,0.600639465268562,0.330049910544821,0.327096955978456,0.288831714856868,0.400583241822656,0.281578650652985,0.472597091679705,0.500836748686389,0.367101781158665,0.394658153208505,0.224246335095411,0.477469096039257,0.282580776618151,0.266652602173897,0.173465595340691,0.36866469939557,0.269738517747727,0.235600222189466,0.070320430530157,0.316133633066421,0.368945524049866,0.520194162842242,0.32290482456709,0.491905361788592,0.308339648405774,0.494848604667368,0.213099524349742,0.20341640701466,0.275326314040985,0.173344059774382,0.376202902793549,0.173998393230492,0.504849248365397,0.177477415742534,0.176583860735794,0.0782217309417939,0.132380832125811,0.395765283225586,0.43803660930151,0.618630794851228,0.307946691278242,0.450227375136225,0.338956984946651,0.436876475995857,0.392315414989401,0.512308195385391,0.198880292387093,0.463169458829819,0.450319081081448,0.496637132338091,0.51746833638659,0.325093389490066,0.251357752156254,0.128079060551804,0.601871543765251,0.553280504117427,0.714453332196374,1,0.657271543440903,0.34886949964017,0.364911757839366,0.759018525685326,0.554721533154669,0.470995907030707,0.273041327110278,0.296969860961399,0.195959183236882,0.18225116188345,0.263690706889019,0.400493651507745,0.389194340548274,0.320586804567936,0.293126600995043,0.0980414710006672,0.495596227441933,0.496014398948594,0.213559758443472,0.222185010139081,0.434063462046678,0.53714681523701,0.559512982910908,0.591602563076584,0.219037956184875,0.572976320577258,0.370540249062807,0.511699468902976,0.451409759102399
"WAB",0.573856202950965,0.323614371385029,0.562895468194201,0.535221543105877,0.265770139912084,0.384981681263356,0.381252682049644,0.427363969372068,0.291472352303093,0.519627225501797,0.489096786874743,0.363585539201311,0.47113206884961,0.258642203402588,0.571412805245104,0.367324380511625,0.337946674833639,0.266303380775636,0.465962151798787,0.296323404308589,0.292619820939398,0.106897738886377,0.340689387256818,0.464834522841802,0.530690031977382,0.376260380980537,0.552710221120272,0.391328076293388,0.554953700853229,0.328790824544577,0.240248539445887,0.325809442598598,0.233639488099044,0.459086334307358,0.211894453574704,0.565805892704185,0.315707825171738,0.226662979644692,0.163056616448843,0.231921826711344,0.500985414796618,0.523723327088441,0.715795648386052,0.394519420308033,0.520663600382576,0.423252596884966,0.483053601671825,0.446153052763504,0.568499941222724,0.301207987703235,0.459296554334332,0.490397710378066,0.610053388796316,0.604501107579438,0.416144087258502,0.311854050483326,0.137965443105027,0.561244171330225,0.499747391591235,0.655350589094217,0.657271543440903,1,0.402830967124165,0.407591875533462,0.66229445496217,0.516662699502496,0.48168285047278,0.322493390742073,0.40981535757101,0.252779164669329,0.241839638468278,0.353331152904607,0.48774947849251,0.48186362094402,0.407930440580768,0.369225129291025,0.125846056877597,0.516159004046258,0.523444577035179,0.321313945151873,0.240236679850576,0.484583244436909,0.547867013515521,0.597740174739061,0.557969124619844,0.293139012123544,0.506359922254163,0.404792792172641,0.609328445275533,0.496982676780925
"ATO",0.279050047223723,0.121638286997244,0.428849690968702,0.249031845582032,0.21487288399786,0.395921327642887,0.299190467003004,0.564449006708341,0.359211399221001,0.188009741377259,0.354321830903922,0.249021292846713,0.588171892556887,0.33623654414419,0.423382842680411,0.399412297880544,0.149479514916366,0.106893526589383,0.457057049434059,0.136347765296779,0.166361224631525,0.0749776366730623,0.24538229889208,0.219172827687963,0.202109228139036,0.219925607378024,0.252896985491253,0.17342171828681,0.261080949753527,0.112263162780936,0.0958175191146681,0.303896278874521,0.0793496577336567,0.209037460030943,0.214794065450368,0.401632862829889,0.241893715512216,0.256001282857849,0.160505081068273,0.169337477675929,0.184327340264118,0.332892834430501,0.344464338833113,0.211294712440755,0.190599305421027,0.425789313226529,0.270067008774754,0.269806799126093,0.469545818115018,0.167263023815883,0.14543074232116,0.438138315480879,0.403880967273487,0.426678876260988,0.447609408125829,0.307854117486862,0.210166707185466,0.477141166143995,0.308080611359448,0.354628813429919,0.34886949964017,0.402830967124165,1,0.418023526547735,0.370348735318078,0.222282972423681,0.296820805771526,0.388145376666804,0.270757617478159,0.16785034484953,0.312447627177338,0.265515579096579,0.369454330948849,0.432733500066778,0.751816324136722,0.329200388967491,0.0955791888728446,0.467388689026839,0.172966570898127,0.209376528461782,0.485804522749369,0.402399804897679,0.327534073012368,0.240560207801374,0.443390902208981,0.299099046435804,0.315119863061128,0.21915760691794,0.249008228936689,0.385113714335789
"TFX",0.294568982227193,0.214821906874003,0.381612242890964,0.330139246799907,0.242652188804244,0.292573372403729,0.37686949443309,0.466917270332228,0.286255948073849,0.362355930892342,0.425850778709439,0.263952713926349,0.425150457628686,0.326932632005579,0.475252700997523,0.408680298534181,0.250858651409144,0.256682884556928,0.429434858053753,0.353251554261485,0.424088300813698,0.170527986080678,0.4344074053475,0.410712367733781,0.401631824057944,0.335359168835765,0.402994551165117,0.348566361671066,0.457052573090292,0.254879753223664,0.29650512545518,0.341274461777785,0.258876292806725,0.372029527641738,0.311544766675524,0.489363121605598,0.381561812003267,0.402645320924778,0.200745395738196,0.455623891488031,0.311910229236124,0.359858043436633,0.427641374852812,0.394656464457526,0.367394397387826,0.556287019775008,0.413205249589016,0.34486304549461,0.399749014646354,0.379588794524992,0.291810276128547,0.414407478739063,0.412801874994275,0.448649014358094,0.364755325494631,0.31595603526113,0.350959871393029,0.447616020330093,0.31998688557394,0.400864156771664,0.364911757839366,0.407591875533462,0.418023526547735,1,0.424279172727942,0.2488191707059,0.331512858288878,0.430816072477517,0.415754935928801,0.358007655726234,0.287227373697137,0.341486935243241,0.43491327634517,0.496461299006004,0.422560082263499,0.464038043665153,0.262939671154323,0.33657604578949,0.317105523735278,0.383502170082495,0.399700204360281,0.541400827390198,0.331635598053601,0.399636047917325,0.346592633394426,0.421592579157284,0.290109976854112,0.47737045539805,0.39520976390607,0.34317520569458
"CE",0.608620685860566,0.309426586361214,0.507030858978055,0.555417657535288,0.3411709031812,0.363925460091202,0.396040607755791,0.4690977941616,0.2664408312736,0.520062931371822,0.551901524677129,0.415197536354368,0.449686263351573,0.266959276358857,0.560905436828439,0.37410700801286,0.34451262708984,0.301129033053269,0.442434135762681,0.370394676360462,0.340820542073139,0.0888178251970979,0.441967298174867,0.435844517530445,0.563931877064466,0.426837268066131,0.540119549353928,0.405382617198054,0.570766217010447,0.294693725811675,0.264639439189839,0.396157918031282,0.262680231784162,0.447512788102125,0.290017007219033,0.553557527614246,0.321719980747675,0.296467615947942,0.129810897517848,0.228880133073943,0.491656422812054,0.492551518224067,0.676836463722018,0.396215528576297,0.491000383794398,0.426120884620979,0.51721920369313,0.468848954087892,0.51376240528945,0.311775221163921,0.461923427188721,0.502364565898983,0.549767510380061,0.580881389056492,0.372334648989117,0.294637699631144,0.202907351658592,0.623082745552966,0.541620360367059,0.731980689729401,0.759018525685326,0.66229445496217,0.370348735318078,0.424279172727942,1,0.478853924750037,0.442955353303803,0.313800753821916,0.42491948628986,0.263147156597767,0.266006396090356,0.324827916037185,0.477640249570803,0.482298333918051,0.340271447321092,0.41495620506369,0.191799560265314,0.46487383536605,0.503689835640723,0.341185855668755,0.335233100890619,0.549257861019706,0.566792178765018,0.567633882654213,0.615227744702222,0.264166492415474,0.529435872640572,0.430045484361768,0.582915462975907,0.458186957338674
"FANG",0.45014118494708,0.235887330091627,0.385653017305841,0.697301464528805,0.411186473128551,0.268312656752659,0.170110396256601,0.231921826401466,0.0787580265944183,0.349862890352392,0.350734423343511,0.262305961971599,0.245913244548727,0.168747608703634,0.277007119309977,0.158294784235804,0.244661396545197,0.0478923907533358,0.24854061785694,0.202451628529433,0.138586197637387,0.0379724629997629,0.171078064710133,0.284891885353127,0.40743258306368,0.177455927105152,0.334002484646388,0.202691046111444,0.328904235482236,0.227942608642452,0.16740169351187,0.0344312090239147,0.0607062688404372,0.268479896588698,0.0587815326461765,0.428029382309205,0.0842916715867587,0.0732082909414833,0.0212532444679245,0.113733683541985,0.268527567874353,0.231611447571882,0.476006804611858,0.224731772866847,0.398607550979246,0.225094646796127,0.276578160627139,0.205834250038092,0.39335978819339,0.114778704168594,0.365632197852743,0.251936764624302,0.366092903649869,0.316400131984737,0.308059263390931,0.181211174222694,0.02259074545695,0.319842688624332,0.399961812967968,0.458534273173921,0.554721533154669,0.516662699502496,0.222282972423681,0.2488191707059,0.478853924750037,1,0.373151142678308,0.170922149018628,0.202711111902575,0.16254863658064,0.0303454371963393,0.21380071749121,0.195507765851632,0.225101123799466,0.201068706446432,0.171196619409329,0.0433458733706987,0.414984569401992,0.440745976639265,0.147373951801106,0.0692452691575554,0.264282869490251,0.282001924171092,0.454353744288864,0.318701111820523,0.166157396777098,0.664545933186452,0.237680697942568,0.410572010215287,0.376228330904789
"LW",0.393560703434605,0.198040220885245,0.460027831966099,0.380565703315523,0.151037752717636,0.32449745583499,0.306331413928449,0.315996637498411,0.307539486827874,0.37989856375602,0.44984988721743,0.29311288127886,0.342657012543598,0.248972236939374,0.401740611771531,0.279379401891441,0.238854025899219,0.182838851722865,0.392664405037587,0.245409630880293,0.234731897453685,0.0572395891963272,0.25789825569775,0.391099047814675,0.423429116349781,0.214240367698403,0.376154431406484,0.275799190765074,0.350536984801216,0.200548539896795,0.221203962929145,0.149960855356216,0.145870605930218,0.321421541071148,0.157231242511503,0.451148508355665,0.21448449547775,0.145744488781736,0.1262982399392,0.217201223106031,0.317654960206081,0.290116403068388,0.505185836883968,0.293618338111671,0.485583117124952,0.308905723691007,0.333132982884452,0.289674927257351,0.479352006582491,0.191367413732965,0.401217422024485,0.393939001941681,0.461891920202508,0.416608495174058,0.299719928017563,0.275025450760096,0.154733626237007,0.431732027288599,0.327146682790491,0.465529303816509,0.470995907030707,0.48168285047278,0.296820805771526,0.331512858288878,0.442955353303803,0.373151142678308,1,0.279126285040189,0.291592491107206,0.196241442187427,0.189801748218084,0.259345224222585,0.408105587437029,0.335651882787087,0.325589236422581,0.268492855544649,0.0896212648747196,0.401613253579455,0.472034279357907,0.242507797942416,0.181650590043481,0.397853197950287,0.357663013532367,0.474698166082189,0.36239270272537,0.25515016777535,0.378509342147544,0.331184523640673,0.482464927046547,0.396625351917189
"JKHY",0.279608251539942,0.141053655968721,0.310788349496315,0.196998009115561,0.156278377732604,0.278056244592522,0.375739247815934,0.389599866507165,0.285921148652774,0.252736432786087,0.283404885572651,0.173117832729806,0.377312350950468,0.322044404285743,0.43413233075264,0.430400639343557,0.180869107656548,0.206229194736728,0.44802925628398,0.265002151562052,0.315666682606369,0.101622629830319,0.339185875876544,0.352032729790037,0.274564192552456,0.309399392365106,0.342668656344409,0.322505907410944,0.373272259213048,0.186449540323282,0.223536765419908,0.355216695895483,0.237894841674384,0.307955364073044,0.293704155532575,0.38187868855449,0.380143027108817,0.343484239771374,0.222127833174918,0.328556166781265,0.241525375522519,0.320600442142967,0.29531013686224,0.325079319693861,0.167485891271582,0.425859973476209,0.314061208355773,0.322305343253972,0.337333827784331,0.358475891790583,0.156365931597364,0.352636695949225,0.400234585451626,0.4072255371201,0.39293105037324,0.347836246326376,0.285688328501481,0.38247196817267,0.259789772279551,0.327535417331448,0.273041327110278,0.322493390742073,0.388145376666804,0.430816072477517,0.313800753821916,0.170922149018628,0.279126285040189,1,0.358555956108109,0.312322270637544,0.352033640918502,0.315370149481877,0.406164301138208,0.518887339272372,0.384119278201727,0.41659267635544,0.289925071700133,0.297997330337423,0.143937512957109,0.391475311344251,0.405795668097234,0.429538895712922,0.291880073729247,0.253528045215816,0.292069916629698,0.410373720029992,0.204361813326523,0.270631864226374,0.255166100030009,0.289964653086274
"KEYS",0.351558840483044,0.327065610693702,0.288634808942364,0.248910607294777,0.149417834012009,0.246294778778605,0.508727168196875,0.382132736835327,0.283007223927407,0.56588939129173,0.317666874361394,0.262304220850371,0.311599445182355,0.295578674501854,0.515430816736883,0.440953368555216,0.411713519340297,0.413796805803211,0.408656186926741,0.398607564626292,0.484485520759892,0.272305731479048,0.506872799700382,0.496154109294587,0.366802990647771,0.440138585464883,0.621206793377555,0.602056042211832,0.556612362119225,0.397408906126278,0.380902853156788,0.452717921378359,0.412973952513331,0.636010910145448,0.432003385224445,0.479950718440965,0.524309813984208,0.480767707098571,0.311316915409354,0.422112445303101,0.331750796602951,0.368188075894482,0.44590440813012,0.454905390061443,0.310469810105787,0.436573171118617,0.554460798439871,0.46395159624764,0.277846377454443,0.506233761690574,0.304101069451239,0.385998009699052,0.566017717650356,0.474448814747729,0.272948697280655,0.312908742500437,0.366292345899311,0.430966805812221,0.296519868811098,0.435375842182203,0.296969860961399,0.40981535757101,0.270757617478159,0.415754935928801,0.42491948628986,0.202711111902575,0.291592491107206,0.358555956108109,1,0.453239004438167,0.340840108238387,0.512315466298226,0.524930629552408,0.502614601460531,0.282132930206946,0.580838070424998,0.336900640368076,0.280882259428842,0.284005858999113,0.598446521674956,0.415474542053876,0.540692197786023,0.404082855655,0.345877684337438,0.341970871658595,0.413465747555025,0.236008190232738,0.422561593976759,0.367200837826043,0.283158561605587
"FTNT",0.240612047613227,0.234198013752311,0.195497543871111,0.223288880740602,0.14212456144864,0.187733283303583,0.407456051036474,0.344208900095048,0.2231646055257,0.432513425833646,0.254637903041252,0.110910516184759,0.216408894383992,0.23838208554372,0.376230588468131,0.397699521658905,0.341041140339871,0.300454039021204,0.404308884084973,0.394353125604813,0.419108287794311,0.261023894535406,0.412137595592,0.447669138740365,0.362114791033013,0.355168037612891,0.457054872424505,0.492723115540862,0.452105543670816,0.370592041206584,0.376585883005135,0.36071781216977,0.398465343983045,0.467766995779981,0.364566268221011,0.361898244733113,0.511315255588092,0.441987963839019,0.288373880070016,0.456297899512512,0.257699852047101,0.2881608460474,0.323636258863468,0.44213676985497,0.291955951810208,0.351157458817958,0.418499377724964,0.395030720006018,0.193943199931157,0.575415808337008,0.195540734073839,0.313704427176532,0.412977929612425,0.303065480785058,0.210574407175826,0.338510627646502,0.382862776506606,0.281942125641326,0.194208486987194,0.304972966645741,0.195959183236882,0.252779164669329,0.16785034484953,0.358007655726234,0.263147156597767,0.16254863658064,0.196241442187427,0.312322270637544,0.453239004438167,1,0.314959320751605,0.455876663070183,0.476546113235622,0.420910468993658,0.170798756581721,0.539180594923291,0.319888397192541,0.0991610750784194,0.223410470228165,0.571372477910614,0.321575984160485,0.445391038849712,0.268929979672677,0.324639311948218,0.177779069169639,0.448029656464815,0.186742917276854,0.358526988621851,0.308670719537947,0.182291814396407
"ROL",0.243457532007015,0.230444266643479,0.276376453341908,0.131904726252541,0.138253670309228,0.180579818816195,0.43959070145933,0.380655352072971,0.299475637502798,0.207836633092602,0.297549784609884,0.09226284199136,0.287894938971744,0.334510367777376,0.422760351454926,0.441136480846649,0.234223302770579,0.226008103483754,0.479942234825369,0.237031255977363,0.347954861994126,0.143739102410525,0.351239571285132,0.344847163294324,0.188328893467263,0.281880023008693,0.274029421156458,0.322827865513934,0.323879637014165,0.233344343088443,0.212322340491674,0.435325071745696,0.33950732465353,0.286950330140907,0.35367081961422,0.307224683151647,0.372006472836299,0.369605512547795,0.227193722714719,0.341070402290456,0.286542236326863,0.369623551002933,0.334708247308681,0.298900234790366,0.1094887599867,0.35678412715284,0.320657193676076,0.363670811459772,0.304795671856586,0.345244252551589,0.0820060128088377,0.344713990320296,0.319230776347424,0.417055200293221,0.282513068924143,0.313230655793269,0.337555767383711,0.356307439165395,0.251436267858774,0.300350916616776,0.18225116188345,0.241839638468278,0.312447627177338,0.287227373697137,0.266006396090356,0.0303454371963393,0.189801748218084,0.352033640918502,0.340840108238387,0.314959320751605,1,0.286944746796863,0.414173919373222,0.443400854681473,0.287497843089172,0.427084303454693,0.21222523774208,0.232509107861335,0.0563843167936573,0.408535375762803,0.412958243565225,0.419715820850638,0.334357149814429,0.175799613089416,0.298593359220808,0.303518553697035,0.112100985384476,0.215317206065131,0.166425554519874,0.249890217328728
"ANET",0.277829536107266,0.262846225870391,0.285270339306482,0.228489755079094,0.142343368738768,0.257161566334292,0.415715447782233,0.360162555682166,0.216273960937265,0.479439324506334,0.316580494292405,0.171021120127325,0.289642604843165,0.243805863321486,0.429662375373395,0.412689777237066,0.295816634878976,0.348675387381795,0.383662688359848,0.325206332864182,0.341197822602053,0.186003298051179,0.337929829228243,0.483323425438141,0.342515672302707,0.365937274007764,0.510202319783748,0.564783271167964,0.447040555781195,0.328853601935416,0.336472286066267,0.364566530856453,0.328267947903474,0.491147749046453,0.339986560812788,0.416703811057384,0.477348124307225,0.380036836895653,0.251677697056166,0.353228115799316,0.29510967926278,0.316031004346024,0.410929951698558,0.390649297081213,0.31695667863795,0.335288151463893,0.427841819055244,0.389505329698216,0.254616803863622,0.525681116283532,0.2627850124599,0.397998250297183,0.49803122405667,0.358857566651925,0.332154444834477,0.312056063067354,0.319442239782412,0.335713304558631,0.231699972572539,0.404187847441495,0.263690706889019,0.353331152904607,0.265515579096579,0.341486935243241,0.324827916037185,0.21380071749121,0.259345224222585,0.315370149481877,0.512315466298226,0.455876663070183,0.286944746796863,1,0.526604943163144,0.413328345508906,0.255737930864955,0.501161816804043,0.309884777918532,0.225167171593944,0.256869607889264,0.579075774260821,0.368607342102527,0.434665866253382,0.330728072085789,0.31905587917633,0.269516255171968,0.335364306350282,0.234144661261407,0.37583659346884,0.326212907792887,0.254756687637325
"CPRT",0.365200739259943,0.291458837695317,0.43000561372957,0.286571083784649,0.167200294810946,0.357334498648173,0.551126857271864,0.524700808084712,0.363409743829929,0.547706144803209,0.465305429963241,0.316191735051792,0.434839354104431,0.314891505337704,0.593510709044326,0.520864775777411,0.4182468344752,0.415343517660685,0.557923867179438,0.449715336365874,0.429259833927404,0.194399086448695,0.495302523210012,0.562397410875058,0.505338064988084,0.464324158722128,0.594348072945437,0.594654348263676,0.57283266577618,0.41681704213077,0.387783163938256,0.55420045004574,0.464204056374118,0.569630247406113,0.41786832812518,0.520113394848173,0.50394891104888,0.468860403692863,0.342238048530807,0.427389446310574,0.389102517917001,0.44158077493752,0.539105764237919,0.528431627432349,0.437372617167522,0.441291101006941,0.527186538034656,0.550253368221042,0.381943345969988,0.547018201930257,0.346082662353861,0.628488487674477,0.617999936648474,0.514520348114157,0.326057187084576,0.39514984075223,0.3936991998183,0.505421336374795,0.332597182730911,0.500117349389631,0.400493651507745,0.48774947849251,0.369454330948849,0.43491327634517,0.477640249570803,0.195507765851632,0.408105587437029,0.406164301138208,0.524930629552408,0.476546113235622,0.414173919373222,0.526604943163144,1,0.569594429287938,0.370311800004087,0.584526427791727,0.349063270579462,0.284863855121,0.39710760442271,0.603285239672157,0.437978574674176,0.588134404890546,0.507414460526985,0.455559662655311,0.408474034294319,0.437778048469732,0.27412758075007,0.488790127462184,0.495266765856271,0.334979127027929
"BR",0.412918273465689,0.288836080288895,0.415957394734075,0.300752987030583,0.235464110823245,0.304388571138475,0.502953563712727,0.507308564023468,0.347626180410743,0.426956200860146,0.448119041371218,0.256726363478486,0.459701998652667,0.359264837519807,0.588014864291622,0.576781906661032,0.325105320724026,0.375111769325597,0.576348393442594,0.398404420570687,0.428765615623505,0.155135814301387,0.458096511316622,0.50141285499421,0.382675692861589,0.426784184646524,0.496752378362104,0.469661730902907,0.541225567292121,0.33037396850343,0.299776130409456,0.460499905308848,0.370495358259871,0.456615923713831,0.39587639689223,0.526695245594535,0.513097364791405,0.477425807519005,0.282731904180133,0.387213406583529,0.41277489764155,0.501860329742942,0.542449761568462,0.48707904053255,0.334673761411348,0.554757477256962,0.485146063071217,0.491051505743763,0.436017365251274,0.49597048795755,0.303079168754562,0.480335566739523,0.563185858428855,0.561706506938135,0.357800209657572,0.36833236995127,0.369576309330357,0.5367546929435,0.364725443644472,0.463818915903371,0.389194340548274,0.48186362094402,0.432733500066778,0.496461299006004,0.482298333918051,0.225101123799466,0.335651882787087,0.518887339272372,0.502614601460531,0.420910468993658,0.443400854681473,0.413328345508906,0.569594429287938,1,0.433656015122887,0.60265936355032,0.293150946473095,0.362041018845866,0.304958440384391,0.561347255813914,0.49778508610213,0.602264438871119,0.463237121114549,0.411121843580158,0.428239415474925,0.427683157746352,0.306849941062934,0.419465376704049,0.404122708900477,0.380281899791519
"EVRG",0.238802213587748,0.154131151447881,0.460957162242213,0.224231240040978,0.182111449203562,0.465320947563382,0.303905956109574,0.538421350271031,0.364973224542449,0.209124191506133,0.351699994028968,0.235724593156538,0.596664091267445,0.325034717730122,0.448687137654984,0.408350045329344,0.165585239408435,0.12160024221146,0.443504083163955,0.163938614736229,0.196989017378216,0.0815497918844141,0.283059988878082,0.273886870660815,0.226661274282186,0.236964987820103,0.283645340064509,0.204742042871541,0.297680886718134,0.140102763660638,0.11272987138155,0.30598582697667,0.10266130031193,0.238302006083051,0.229666983041919,0.386583639159195,0.250470632316154,0.27614934621879,0.175719747054552,0.175781333610039,0.178275552794379,0.315857470290397,0.346729002749253,0.257621476799407,0.206332594460282,0.408434681862907,0.278540286576249,0.232414251189016,0.479414197301002,0.197535964906794,0.150350517015343,0.439091967042901,0.428463778035948,0.399230873480476,0.439509346876175,0.330537047018041,0.223941482435324,0.45758298793756,0.315204440612665,0.355620462517323,0.320586804567936,0.407930440580768,0.751816324136722,0.422560082263499,0.340271447321092,0.201068706446432,0.325589236422581,0.384119278201727,0.282132930206946,0.170798756581721,0.287497843089172,0.255737930864955,0.370311800004087,0.433656015122887,1,0.34156579191743,0.102102245680275,0.444263451526017,0.20782535274289,0.233859433515234,0.484631611728347,0.427215992747262,0.312946542582153,0.256267380939998,0.408392784787242,0.32114160024183,0.30269984698872,0.248300451404453,0.249565766009784,0.383052556500087
"MSCI",0.321560484975537,0.30411138271232,0.326221053964795,0.259834797101443,0.136264964306397,0.313279280950424,0.531695157377377,0.52226399845421,0.289936560550297,0.500119988649645,0.419117967696872,0.204296268232046,0.387134026120309,0.333141878629786,0.567903127990635,0.644544700537366,0.369636227654961,0.476448469679824,0.509389110003793,0.440566942593717,0.559490330213998,0.256219763375346,0.5747163261728,0.536575583188171,0.431936067924548,0.47602181910693,0.555758666768021,0.597782890739985,0.564687398387422,0.404100624421092,0.409029647043683,0.536896177684553,0.469853590534715,0.551867371680899,0.550329961862763,0.470472359001683,0.564368583854542,0.565340998813975,0.369020445403856,0.523240536052487,0.337083477138848,0.397346491044681,0.466917792052525,0.532161774300186,0.303653355448307,0.508374257010728,0.530438698937853,0.518470665571915,0.300453421066778,0.636731273513366,0.279209137431366,0.460388868080156,0.536115275459574,0.450747608014844,0.289241903847077,0.369749435814297,0.480278615717809,0.470747581478306,0.27817958558996,0.432812941013632,0.293126600995043,0.369225129291025,0.329200388967491,0.464038043665153,0.41495620506369,0.171196619409329,0.268492855544649,0.41659267635544,0.580838070424998,0.539180594923291,0.427084303454693,0.501161816804043,0.584526427791727,0.60265936355032,0.34156579191743,1,0.386622098943881,0.204494962615287,0.28046583198935,0.659953980637453,0.518949499138198,0.659642556611407,0.391560285761905,0.387032572161394,0.352215394373344,0.460571067285456,0.226173895676519,0.481377333286908,0.367453087945878,0.30938682799892
"TTWO",0.11957946052939,0.201108641425673,0.052439261658049,0.0956239034661888,0.141120974443516,0.182322717019307,0.330524669012283,0.227956229474622,0.150105616245375,0.287166933550249,0.152659641242909,0.172906496428412,0.126157140359771,0.146490087471442,0.239055721127822,0.284405303764128,0.214991033823493,0.25618254118075,0.236920835618773,0.344992505089511,0.335469405108402,0.15635466490697,0.292386943863858,0.335136202319518,0.221509043765285,0.299226122428949,0.323685535533249,0.40971149432464,0.314270574532332,0.276231007713154,0.326314802375403,0.340218401943847,0.363296186262676,0.366717056401373,0.318941813676906,0.2213946625853,0.398873062788601,0.334900342760987,0.285481396049244,0.359317815321029,0.159078742344396,0.204758285753178,0.195066642234344,0.290966110644002,0.1514697768631,0.237727965925136,0.338795108835236,0.252507808548854,0.0287556830392291,0.427368393875078,0.164320605884556,0.187462070223112,0.257272498770175,0.197090273137263,0.146212751217362,0.289529369637185,0.280874668619161,0.149287924841917,0.117728888748935,0.159635794925783,0.0980414710006672,0.125846056877597,0.0955791888728446,0.262939671154323,0.191799560265314,0.0433458733706987,0.0896212648747196,0.289925071700133,0.336900640368076,0.319888397192541,0.21222523774208,0.309884777918532,0.349063270579462,0.293150946473095,0.102102245680275,0.386622098943881,1,0.059030466735209,0.117450140828629,0.449026108104529,0.253522626044445,0.273234563408968,0.203262988886375,0.153419565824951,0.117840300263158,0.284413761870053,0.0540230624330123,0.276636782005715,0.169265729598563,0.0633327533484476
"HII",0.448532384468779,0.192183711338896,0.481887766651722,0.401835930735772,0.277028070137903,0.291451172759101,0.217766708148183,0.368988650661962,0.284939149117823,0.25320572540314,0.384478158026415,0.279321332682386,0.420104337751794,0.327370332868677,0.409812685635941,0.36020404802539,0.181027116588272,0.0401917152807106,0.42103676960839,0.171953111518496,0.172934204694611,-0.00356877280515756,0.245775652821896,0.258184772014776,0.283700730292925,0.239319743704464,0.306449333512607,0.180454226597411,0.30040675112977,0.174435630621282,0.121210943160889,0.202247961244488,0.0784488554724074,0.267076559872354,0.137776065009109,0.524625092791954,0.187085260014042,0.144164423072646,0.0948834180776478,0.12891155486545,0.311829537015468,0.337937383999088,0.433228012700668,0.223978482511073,0.320211056941238,0.336947448047631,0.303079324158455,0.310582573796802,0.511519735664902,0.121965823670505,0.292406955818246,0.387247403208682,0.434613703836926,0.46746637605062,0.5278422055845,0.240889955417723,0.147683563435613,0.424608132667877,0.440849017231027,0.440554367358329,0.495596227441933,0.516159004046258,0.467388689026839,0.33657604578949,0.46487383536605,0.414984569401992,0.401613253579455,0.297997330337423,0.280882259428842,0.0991610750784194,0.232509107861335,0.225167171593944,0.284863855121,0.362041018845866,0.444263451526017,0.204494962615287,0.059030466735209,1,0.3074437093039,0.151593106047532,0.256282376773461,0.359369965454415,0.422569932896258,0.361345548253731,0.449769741576203,0.291874191594495,0.465726224803395,0.218038945346613,0.338431388051092,0.39606032646307
"NCLH",0.367849223315841,0.280721135225462,0.376964051953637,0.488415211885502,0.217517884262153,0.291656394804613,0.294482407839952,0.326513356230582,0.162012233763364,0.483253534030973,0.492582653588156,0.399390150030653,0.33158614431628,0.12743457924835,0.358589667683432,0.185379679010637,0.35425121432431,0.23243945170043,0.2765251298848,0.337991361406616,0.239300746160869,0.0702833511780428,0.274447650392769,0.40912234085505,0.650409337876301,0.295588485026336,0.429749874743937,0.342346027035715,0.448183139819468,0.34165309001286,0.327617794092272,0.19143857941924,0.239928595518235,0.390783905505865,0.117979740126941,0.465551018654643,0.244422770414359,0.0971065891788108,0.0553298710865409,0.217646591575686,0.347418415108906,0.293206950112192,0.500226394038729,0.402591595864899,0.620184130488453,0.238737078083269,0.404080146207139,0.328741109733908,0.360203077292432,0.263399658737212,0.524687358084093,0.397485071992343,0.466343482933175,0.295405359306889,0.270410108661001,0.182641607559801,0.120503721406502,0.377791982439033,0.307850777010735,0.48427079613343,0.496014398948594,0.523444577035179,0.172966570898127,0.317105523735278,0.503689835640723,0.440745976639265,0.472034279357907,0.143937512957109,0.284005858999113,0.223410470228165,0.0563843167936573,0.256869607889264,0.39710760442271,0.304958440384391,0.20782535274289,0.28046583198935,0.117450140828629,0.3074437093039,1,0.255393168466072,0.128029879343409,0.384284544901524,0.315670612353991,0.694596913366863,0.33486056759735,0.166410776033533,0.429304380276753,0.429128288177022,0.65492283671055,0.30180204452283
"CDNS",0.280836542494674,0.348804444607143,0.278555778132922,0.205253170847258,0.123920846097011,0.257685160624686,0.505680086660078,0.421436570038022,0.277263865197757,0.556907785249554,0.324891720721565,0.140365450342691,0.296576174171066,0.288890852597441,0.497273677100591,0.499145517739987,0.446123125797494,0.4500631185631,0.487755642787021,0.471712399316595,0.519264340421044,0.234594544203621,0.505645073351047,0.59192867090343,0.389278254755541,0.485898224315423,0.61579944664015,0.718410431477324,0.548103847720452,0.440142939713058,0.467441408637104,0.486246771996082,0.510106433835803,0.634266574159938,0.495379088529322,0.414020561169774,0.63547684762219,0.529388726353776,0.346434314672582,0.485444959512927,0.298948082902022,0.349176772326174,0.399256816871192,0.51648188186763,0.301618479691596,0.436945733004304,0.532720511399894,0.502494400397466,0.214132247568418,0.697895973107955,0.288531214490467,0.416188083191829,0.526808735926206,0.39834648610448,0.230206309317259,0.393773112169903,0.443410320818857,0.368503484289673,0.230817565954648,0.372447728299867,0.213559758443472,0.321313945151873,0.209376528461782,0.383502170082495,0.341185855668755,0.147373951801106,0.242507797942416,0.391475311344251,0.598446521674956,0.571372477910614,0.408535375762803,0.579075774260821,0.603285239672157,0.561347255813914,0.233859433515234,0.659953980637453,0.449026108104529,0.151593106047532,0.255393168466072,1,0.446214917622404,0.55289599693353,0.355436476934765,0.373890434547123,0.228110396325655,0.437131204051723,0.179837960252416,0.453516803850533,0.374084435814361,0.232474462764784
"SBAC",0.20132238370395,0.219341669695852,0.226071133000804,0.135821468892768,0.133230508753849,0.294798863134677,0.412345771169836,0.573085894038979,0.319586285825256,0.253419449285183,0.399839318613053,0.136728163387164,0.513635581757584,0.349938016449205,0.444503085845403,0.485539996003186,0.267562480221182,0.306599659524232,0.426314530566006,0.306663727740022,0.416443204833256,0.181785508554236,0.446536689392878,0.378359484285208,0.272156736107461,0.351784775969061,0.353029460579208,0.37572455263251,0.410106862208543,0.25693871151689,0.229086688854639,0.464565356885555,0.306322780547721,0.335854898718451,0.424696455367548,0.380862371705615,0.433067546260656,0.470029143476813,0.277578181897968,0.360877625037731,0.20903155784697,0.334925778238124,0.263690009862726,0.376935285647282,0.165790559064049,0.455463645013635,0.35039208717706,0.365966672996529,0.272048811551916,0.426058992913251,0.121452045604265,0.411696382906507,0.392407544600787,0.401901907855196,0.346491895785565,0.344400837361966,0.407438901643335,0.401958036138145,0.200625283081621,0.289431517266793,0.222185010139081,0.240236679850576,0.485804522749369,0.399700204360281,0.335233100890619,0.0692452691575554,0.181650590043481,0.405795668097234,0.415474542053876,0.321575984160485,0.412958243565225,0.368607342102527,0.437978574674176,0.49778508610213,0.484631611728347,0.518949499138198,0.253522626044445,0.256282376773461,0.128029879343409,0.446214917622404,1,0.53636043471051,0.327091557808042,0.21734778981622,0.286300979064116,0.37095628105926,0.177486943013041,0.302737652007049,0.186828859792687,0.19697046948258
"IQV",0.389603313370351,0.302630496979781,0.416593107102933,0.369747856655987,0.205307696747059,0.341030845688669,0.519987248860647,0.572814700286938,0.345763953943755,0.520571291165588,0.520141715549788,0.258570636948276,0.511270213278668,0.393455640548446,0.614646437629772,0.525139568515349,0.395385266453957,0.413221710908623,0.531391570739046,0.464521321125035,0.592789435049861,0.239570455092296,0.722886981906106,0.563300026489511,0.489706099138617,0.49413316809352,0.550899187113936,0.501610194877979,0.590921461309131,0.414070518586119,0.351776282318259,0.497687338127873,0.39319369752682,0.521342722212536,0.556753586179037,0.572452866891052,0.53008492878824,0.589471119400449,0.300671566608499,0.43820303383526,0.41593946529812,0.456531707081879,0.541575104663551,0.534488367367369,0.388496272336312,0.546188363066882,0.566208101494444,0.538099773021978,0.413478307405787,0.520985603819551,0.343547476782175,0.541427547459433,0.568796446297409,0.543413916586898,0.398747999661784,0.359723721345585,0.39621017184227,0.52613502398194,0.370712352265827,0.528477282664873,0.434063462046678,0.484583244436909,0.402399804897679,0.541400827390198,0.549257861019706,0.264282869490251,0.397853197950287,0.429538895712922,0.540692197786023,0.445391038849712,0.419715820850638,0.434665866253382,0.588134404890546,0.602264438871119,0.427215992747262,0.659642556611407,0.273234563408968,0.359369965454415,0.384284544901524,0.55289599693353,0.53636043471051,1,0.463259573397001,0.48227798945372,0.444790604881494,0.453327584997043,0.350004740772421,0.532065289103114,0.467697340036242,0.359263006423573
"AOS",0.451858804910203,0.249323208338391,0.422903147491748,0.314783388178268,0.200251864611594,0.276343252856212,0.37331958645849,0.412754286064044,0.341313711958332,0.467956895746891,0.398234393152927,0.303288527434216,0.398428942527233,0.249993287019987,0.549232254136315,0.389397300338415,0.313584014440433,0.262218356270787,0.444412882262606,0.30671405228215,0.330789186931237,0.136209285045172,0.401208701764336,0.386684489190095,0.4033700064817,0.393500033862452,0.524293268773178,0.412439475438504,0.499439985848422,0.287472987221772,0.240270648313141,0.495715448174123,0.318909551035635,0.423372442043576,0.299726331255856,0.443910004007315,0.314615296746606,0.322905411122602,0.229955330571448,0.239025805616776,0.494020252521607,0.484838888853109,0.586310923695404,0.331769112064613,0.380510068484719,0.350637667322247,0.500070546995616,0.500427034105505,0.406676483733429,0.31704237043447,0.335123088227868,0.526190643934744,0.525092424140716,0.614012723739767,0.313389439508985,0.290163319161506,0.24474537862771,0.504186887720303,0.393741854449763,0.529139371769167,0.53714681523701,0.547867013515521,0.327534073012368,0.331635598053601,0.566792178765018,0.282001924171092,0.357663013532367,0.291880073729247,0.404082855655,0.268929979672677,0.334357149814429,0.330728072085789,0.507414460526985,0.463237121114549,0.312946542582153,0.391560285761905,0.203262988886375,0.422569932896258,0.315670612353991,0.355436476934765,0.327091557808042,0.463259573397001,1,0.399037546833994,0.496572465195229,0.282387967526494,0.321385480200937,0.355304003708686,0.404576428340087,0.352732434881529
"MGM",0.461468612100208,0.279713868229359,0.479675494551943,0.504885935367836,0.263622543885732,0.299161842817468,0.382267213206184,0.394852544399625,0.202982597585052,0.556703856287977,0.580897476122234,0.402480421714859,0.366253210765959,0.149497615035587,0.439282417762151,0.306998964592052,0.317530526324574,0.281214624404158,0.405825904732332,0.382157809928449,0.307591511957914,0.0969407403439056,0.369298141122553,0.467654142829977,0.766017929271273,0.329212309776809,0.535805775791913,0.428150176075437,0.538267130800563,0.313350200463536,0.303477754664456,0.25882732077461,0.275194869164267,0.450678955974565,0.189080567350116,0.537345524210914,0.329456700468316,0.208411818790876,0.1206510926106,0.291247035880189,0.357644523396385,0.342934108154772,0.56697825082923,0.417242189849618,0.63842029418292,0.323620464205731,0.433763455659876,0.411725270452496,0.450625716856244,0.343104929854937,0.678573054137873,0.448392029530069,0.500386429748227,0.396804522118697,0.332382494973763,0.300898797446157,0.210965650822992,0.468177802087536,0.344778657333433,0.566737294170491,0.559512982910908,0.597740174739061,0.240560207801374,0.399636047917325,0.567633882654213,0.454353744288864,0.474698166082189,0.253528045215816,0.345877684337438,0.324639311948218,0.175799613089416,0.31905587917633,0.455559662655311,0.411121843580158,0.256267380939998,0.387032572161394,0.153419565824951,0.361345548253731,0.694596913366863,0.373890434547123,0.21734778981622,0.48227798945372,0.399037546833994,1,0.434010286826203,0.18049313613719,0.445579383618916,0.433683036777106,0.726114900093338,0.415994227774187
"PKG",0.564518737000871,0.209254209557762,0.519331856930039,0.363747519619545,0.250553053814182,0.259877791055843,0.337007916480002,0.399984055055127,0.29423035032659,0.346981237113222,0.415489776686219,0.348620443747976,0.433446620414148,0.28995664395788,0.495063441686784,0.356686117352401,0.213664597639347,0.201134357712749,0.437402313865416,0.200566518562812,0.251987719841213,0.0953695519127399,0.324956454602402,0.301444272014481,0.362511451093283,0.312480996368711,0.393897342944109,0.290816135904849,0.428104434100707,0.176738113520958,0.162240584350769,0.329987220668988,0.154944108455656,0.289687180595509,0.242904111182649,0.438716671888677,0.24385051662552,0.242018102552001,0.169639587137579,0.180108490145416,0.411471142104134,0.485140819268258,0.52149855692764,0.300837785999272,0.341849491421404,0.396068609999551,0.392563969355209,0.371269837555145,0.515736439167534,0.228303657659752,0.362662712886055,0.425365779172686,0.44773332751539,0.518244264780297,0.351744204863566,0.266756685030742,0.185040654181944,0.607941153013376,0.430882262000023,0.585021903437427,0.591602563076584,0.557969124619844,0.443390902208981,0.346592633394426,0.615227744702222,0.318701111820523,0.36239270272537,0.292069916629698,0.341970871658595,0.177779069169639,0.298593359220808,0.269516255171968,0.408474034294319,0.428239415474925,0.408392784787242,0.352215394373344,0.117840300263158,0.449769741576203,0.33486056759735,0.228110396325655,0.286300979064116,0.444790604881494,0.496572465195229,0.434010286826203,1,0.226972323148493,0.409353369918652,0.311288327655914,0.430198842471551,0.464516742269892
"RMD",0.236789812439613,0.235975486880789,0.245746664606515,0.148636247356035,0.121673808593885,0.248040692197235,0.335273159049709,0.354667520989654,0.273179680839466,0.310859036450506,0.203515708758734,0.137930502548265,0.318861986855209,0.294600931107571,0.393433162667353,0.425732577959684,0.305551827639056,0.256128070325569,0.386014242234289,0.357556314021542,0.40120320567006,0.197387741345937,0.409634106111542,0.385254230052099,0.231098792074458,0.338283901636535,0.373565587538825,0.399832265831815,0.344468648394587,0.285684350030734,0.250002773348106,0.365983144417105,0.310772406202029,0.397606300169788,0.431326106591295,0.344849241261743,0.402176643696198,0.45671741832268,0.304447347261569,0.393691085055165,0.244231608591181,0.275788844822845,0.306959600085976,0.319423033254326,0.182454076610927,0.456749785214561,0.330329163832273,0.331126207788561,0.225652007316291,0.409491059555225,0.163148732022087,0.364283609721305,0.446002087348327,0.379916955144428,0.29635036740795,0.326069443077083,0.316041619261716,0.342898023256417,0.273873883503234,0.274987551831294,0.219037956184875,0.293139012123544,0.299099046435804,0.421592579157284,0.264166492415474,0.166157396777098,0.25515016777535,0.410373720029992,0.413465747555025,0.448029656464815,0.303518553697035,0.335364306350282,0.437778048469732,0.427683157746352,0.32114160024183,0.460571067285456,0.284413761870053,0.291874191594495,0.166410776033533,0.437131204051723,0.37095628105926,0.453327584997043,0.282387967526494,0.18049313613719,0.226972323148493,1,0.172837195049548,0.363217643785332,0.217952150676986,0.178318026207733
"BKR",0.475478570702639,0.219013486272287,0.45746954152191,0.654128753221703,0.423132193676202,0.24740459417421,0.187233798330566,0.298312624484623,0.144901572627613,0.379728434916111,0.376413926634869,0.254478752371605,0.32993710907796,0.185664332939705,0.355001787216082,0.249319548588687,0.228618930738685,0.0987967478722662,0.308025051819337,0.193206304168804,0.129066343974137,0.0448848948029167,0.221922877322504,0.275782292720039,0.415017969175151,0.187171806770874,0.350335739798774,0.232187915805591,0.34196037785338,0.203755251233166,0.136525631097736,0.114486054697572,0.065848888681141,0.317960337123152,0.077412488544438,0.435990853562454,0.116155859802973,0.11827123669545,0.00961492009916074,0.102891433515045,0.246382296082317,0.258296724572501,0.458106401354114,0.225250055498351,0.392501048407885,0.275984229805344,0.305835982549618,0.256227823676703,0.469163041062987,0.1170361722851,0.344188824034294,0.328572287086231,0.378802048643069,0.342790439613671,0.365535401629772,0.204862512557476,0.102213745103626,0.404058819377757,0.435605315221717,0.498208709554366,0.572976320577258,0.506359922254163,0.315119863061128,0.290109976854112,0.529435872640572,0.664545933186452,0.378509342147544,0.204361813326523,0.236008190232738,0.186742917276854,0.112100985384476,0.234144661261407,0.27412758075007,0.306849941062934,0.30269984698872,0.226173895676519,0.0540230624330123,0.465726224803395,0.429304380276753,0.179837960252416,0.177486943013041,0.350004740772421,0.321385480200937,0.445579383618916,0.409353369918652,0.172837195049548,1,0.260960827587511,0.429594907388815,0.404148642547585
"ALGN",0.302054352761985,0.299194565035912,0.290169171921394,0.31115311656016,0.168575261352614,0.241008442614583,0.374995895727107,0.466685834954749,0.277476121964864,0.503696545488271,0.412616131418964,0.304384077660146,0.356193396588766,0.251367684143882,0.468317947290042,0.340895997675181,0.363052679798653,0.335138215127641,0.346766998117748,0.444802634761945,0.453482456481766,0.22997228919906,0.496718362162817,0.444122826514122,0.469309397216998,0.432708073505514,0.506982216204336,0.478922100312917,0.511920715559399,0.371259358962546,0.364334622890797,0.396554687231193,0.391284753157561,0.491267334546204,0.37753755221664,0.436268158221134,0.396475226874181,0.461509922046849,0.270549071552513,0.439184120707728,0.384165010163699,0.328345906624828,0.441016316298916,0.477566977356589,0.388693488665741,0.450032806075159,0.499699635082153,0.426234648476806,0.269556114385117,0.401264861437125,0.365163753851184,0.439961759409193,0.440558337239772,0.371622851468492,0.234923920808436,0.237081772106836,0.336378137838488,0.386887050305726,0.25430005484852,0.440910282609057,0.370540249062807,0.404792792172641,0.21915760691794,0.47737045539805,0.430045484361768,0.237680697942568,0.331184523640673,0.270631864226374,0.422561593976759,0.358526988621851,0.215317206065131,0.37583659346884,0.488790127462184,0.419465376704049,0.248300451404453,0.481377333286908,0.276636782005715,0.218038945346613,0.429128288177022,0.453516803850533,0.302737652007049,0.532065289103114,0.355304003708686,0.433683036777106,0.311288327655914,0.363217643785332,0.260960827587511,1,0.45047794633699,0.226605847795012
"HLT",0.442149563726769,0.279348800096153,0.488047992834257,0.488339057144213,0.207508309415214,0.354657797876421,0.415302503449975,0.390619031612048,0.211990069209128,0.527843193488391,0.524829516894261,0.380814512284916,0.39397142552208,0.236979138388391,0.442408179134807,0.278470243721493,0.353136734205183,0.304743610471753,0.419311135912739,0.368819450369404,0.322276405318391,0.0645734087683367,0.325304994519866,0.448083651335853,0.654305036382554,0.353246837519043,0.516116277548525,0.419761436627662,0.521731872851368,0.354401114026702,0.3270094261452,0.280491091207343,0.266918202903891,0.452253397225346,0.202373927154012,0.514474747902303,0.371913444014015,0.202417564935052,0.146371339919822,0.266534379944385,0.388947506285287,0.348836023081249,0.591237764006091,0.417878788612108,0.653723873772633,0.32502103412531,0.43700994605244,0.435359801071471,0.477037454301834,0.351789963338793,0.581954963818304,0.424627116464367,0.530113724272513,0.424112146035439,0.29241712534477,0.307361539515088,0.168493329330975,0.430161871301603,0.393154490427354,0.531958066208294,0.511699468902976,0.609328445275533,0.249008228936689,0.39520976390607,0.582915462975907,0.410572010215287,0.482464927046547,0.255166100030009,0.367200837826043,0.308670719537947,0.166425554519874,0.326212907792887,0.495266765856271,0.404122708900477,0.249565766009784,0.367453087945878,0.169265729598563,0.338431388051092,0.65492283671055,0.374084435814361,0.186828859792687,0.467697340036242,0.404576428340087,0.726114900093338,0.430198842471551,0.217952150676986,0.429594907388815,0.45047794633699,1,0.4304505295525
"EG",0.422901893788718,0.19649559681727,0.812200033877868,0.402218027117784,0.195047456244852,0.272479427725794,0.299720973106346,0.343087396209632,0.201994211761749,0.267665496553623,0.403469299958709,0.213629613223315,0.346356072673784,0.264904046451264,0.407639404982493,0.348220190651256,0.12020440927061,0.16385716851657,0.540887424686111,0.123877539204951,0.152778414313098,0.0487920311562941,0.250432779811432,0.25164992495195,0.301364113369041,0.222068610737253,0.316016489571966,0.210564468344298,0.354194006534784,0.115532555197233,0.126979564073233,0.151258439240323,0.0704861217521869,0.246934447813121,0.127711238325814,0.451953665249022,0.169188136517063,0.149638323593895,0.1076554682026,0.205570303470855,0.314030302765968,0.40966227922613,0.480784457644659,0.24454425708963,0.317652102271998,0.346172435968454,0.283379192314797,0.250919608621964,0.732828224798244,0.183000116117423,0.331851366499803,0.303838780681119,0.400311488652389,0.395495435594531,0.341405730071877,0.259650689439326,0.128219268893553,0.483572229639324,0.370613046667283,0.509661141746245,0.451409759102399,0.496982676780925,0.385113714335789,0.34317520569458,0.458186957338674,0.376228330904789,0.396625351917189,0.289964653086274,0.283158561605587,0.182291814396407,0.249890217328728,0.254756687637325,0.334979127027929,0.380281899791519,0.383052556500087,0.30938682799892,0.0633327533484476,0.39606032646307,0.30180204452283,0.232474462764784,0.19697046948258,0.359263006423573,0.352732434881529,0.415994227774187,0.464516742269892,0.178318026207733,0.404148642547585,0.226605847795012,0.4304505295525,1
